원본_교육과정명,스크래핑_시각,스크래핑결과,썸네일_이미지,교육비_구분,교육형태,교육형태_구분,교육분야,모집상태,모집상태_구분,교육대상_표시,지원플랫폼,맛보기영상,검색결과_신청기간,검색결과_교육기간,검색결과_교육시간,검색결과_신청현황,교육과정코드,교육그룹코드,검색결과_제목,상세페이지_URL,교육과정명,교육소개,기타_신청정보,기타_교육구성(이러닝),기타_수료기준,기타_추천교육과정,신청_교육대상,신청_기수,신청_신청기간,신청_교육기간,신청_교육비,신청_교육시간,신청_신청인원_정원,신청_사회복지인정시간,신청_교육장소,신청_숙박여부,교육구성,교육구성_과목수,교육구성_총시간,수료_학습진도,수료_시험,수료_과제,수료_토론,수료_설문조사,수료_수료기준점수,수집_필드수,수료_차시,수료_차시명,수료_학습시간
긴급복지지원 신고의무 교육,2025-09-25 20:58:17,검색 결과 없음,,,,,,,,,,,,,,,,,,,,,,,,,,,,,,,,,,,,,,,,,,,,,,,
역량평가의 이해(사전학습),2025-09-25 20:58:32,성공,/data/upload/lca0000/2025/6/5/321c6eac-39cc-4a9a-a1ac-b8018040ea04.png,무료,이러닝,이러닝,복지행정,모집중,진행중,공무원+공무직+민간,"PC, Mobile",있음,2025-01-13 ~ 2025-12-12,2025-01-13 ~ 2025-12-12,1시간 30분,308 / 999999 명,B2030518,253000357,역량평가의 이해(사전학습) (공통역량),https://edu.kohi.or.kr/pt/pa/paa/BD_paa0040d.do,역량평가의 이해(사전학습) (공통역량),"실전 역량평가의 이해를 위한 설명과 IB, OP 내용 수록! 역량평가제도가 공무원 승진에서 차지하는 비중이 커짐에 따라 승진을 앞둔 공무원들이 역량평가제도에 많은 관심을 쏟고 있습니다. 그러나 막상 역량평가제도에 관한 안내나 정보는 생각보다 많지 않은데, 많은 공무원들이 역량평가제도 자체에 대해 낯설어하고 막연하게 생각하는 게 현실이죠. 『역량평가의 이해』 역량평가를 앞둔 공무원들이 역량평가제도에 대해 느끼는 막연함과 불안감을 해소하고, 효과적으로 역량평가를 준비할 수 있도록 도움을 주기 위해 기획되었습니다. 이 책이 역량평가를 준비하는 공무원들에게 많은 도움이 될 것입나다.","신청정보에 관한 표로 교육대상, 기수, 신청기간, 교육기간, 교육비, 교육시간, 신청인원/정원, 실습여부, 교육장소, 숙박여부에 대한 내용을 담고 있다. 교육대상 공무원+공무직+민간 기수 1기 신청기간 2025-01-13 ~ 2025-12-12 교육기간 신청일로부터 21 일 교육비 무료 교육시간 1 시간 30 분 신청인원/정원 308 / 999999 명 사회복지인정시간 없음 교육장소 온라인 숙박여부 없음","교육구성(이러닝)에 관한 표로 차시, 차시명, 학습시간에 대한 내용을 담고있다. 차시 차시명 학습시간 1 역량평가 및 역량개발 교육 60분 56초 2 역량의 실천적 의미 41분 59초","수료기준에 관한 표로 학습진도, 시험, 과제, 토론, 설문조사, 수료기준점수에 대한 내용을 담고있다. 학습진도 시험 과제 토론 설문조사 수료기준점수 100% 0점 0점 0점 미응시 100점이상","추천교육과정에 관한 표로 구분, 교육구분, 과정분류, 과정명, 신청기간, 교육기간에 대한 내용을 담고있다. 구분 교육구분 과정분류 과정명 신청기간 교육기간 추천 교육과정이 없습니다.",공무원+공무직+민간,1기,2025-01-13 ~ 2025-12-12,신청일로부터 21 일,무료,1 시간 30 분,308 / 999999 명,없음,온라인,없음,"[{""제공받는 자"": ""국민건강보험공단"", ""제공목적"": ""요양보호사 보수교육 결과 관리"", ""제공항목"": ""교육생 성명, 교육일정,주민등록번호또는 외국인등록번호"", ""보유・이용기간"": ""교육종료연도다음해부터 3년""}]",1.0,3.0,100%,0점,0점,0점,미응시,100점이상,43.0,,,
역량평가의 이해(사후학습),2025-09-25 20:58:47,성공,/data/upload/lca0000/2025/6/9/ad6735a9-98e3-4d3e-af74-09d5403bfc4c.png,무료,이러닝,이러닝,기본교육,모집중,진행중,공무원+공무직+민간,"PC, Mobile",있음,2025-01-13 ~ 2025-12-12,2025-01-13 ~ 2025-12-12,2시간 00분,308 / 999999 명,B2230860,253000365,역량평가의 이해(사후학습) (공통역량),https://edu.kohi.or.kr/pt/pa/paa/BD_paa0010l.do#none,역량평가의 이해(사후학습) (공통역량),"실전 역량평가의 이해를 위한 설명과 IB, OP 내용 수록! 역량평가제도가 공무원 승진에서 차지하는 비중이 커짐에 따라 승진을 앞둔 공무원들이 역량평가제도에 많은 관심을 쏟고 있습니다. 그러나 막상 역량평가제도에 관한 안내나 정보는 생각보다 많지 않은데, 많은 공무원들이 역량평가제도 자체에 대해 낯설어하고 막연하게 생각하는 게 현실이죠. 『역량평가의 이해』 역량평가를 앞둔 공무원들이 역량평가제도에 대해 느끼는 막연함과 불안감을 해소하고, 효과적으로 역량평가를 준비할 수 있도록 도움을 주기 위해 기획되었습니다. 이 책이 역량평가를 준비하는 공무원들에게 많은 도움이 될 것입니다.","신청정보에 관한 표로 교육대상, 기수, 신청기간, 교육기간, 교육비, 교육시간, 신청인원/정원, 실습여부, 교육장소, 숙박여부에 대한 내용을 담고 있다. 교육대상 공무원+공무직+민간 기수 1기 신청기간 2025-01-13 ~ 2025-12-12 교육기간 신청일로부터 21 일 교육비 무료 교육시간 2 시간 00 분 신청인원/정원 308 / 999999 명 사회복지인정시간 없음 교육장소 온라인 숙박여부 없음","교육구성(이러닝)에 관한 표로 차시, 차시명, 학습시간에 대한 내용을 담고있다. 차시 차시명 학습시간 1 선배 학습자가 들려주는 역량평가 이야기1 19분 22초 2 선배 학습자가 들려주는 역량평가 이야기2 24분 19초 3 선배 학습자가 들려주는 역량평가 이야기3 (의료기술직 편) 35분 18초 4 선배 학습자가 전하는 역량평가 준비 가이드 41분 10초","수료기준에 관한 표로 학습진도, 시험, 과제, 토론, 설문조사, 수료기준점수에 대한 내용을 담고있다. 학습진도 시험 과제 토론 설문조사 수료기준점수 100% 0점 0점 0점 미응시 100점이상","추천교육과정에 관한 표로 구분, 교육구분, 과정분류, 과정명, 신청기간, 교육기간에 대한 내용을 담고있다. 구분 교육구분 과정분류 과정명 신청기간 교육기간 추천 교육과정이 없습니다.",공무원+공무직+민간,1기,2025-01-13 ~ 2025-12-12,신청일로부터 21 일,무료,2 시간 00 분,308 / 999999 명,없음,온라인,없음,"[{""제공받는 자"": ""국민건강보험공단"", ""제공목적"": ""요양보호사 보수교육 결과 관리"", ""제공항목"": ""교육생 성명, 교육일정,주민등록번호또는 외국인등록번호"", ""보유・이용기간"": ""교육종료연도다음해부터 3년""}]",1.0,10.0,100%,0점,0점,0점,미응시,100점이상,43.0,,,
그리스 로마 신화를 통해 배우는 인문학,2025-09-25 20:59:00,검색 결과 없음,,,,,,,,,,,,,,,,,,,,,,,,,,,,,,,,,,,,,,,,,,,,,,,
더 나은 내 삶을 위한 긍정의 힘,2025-09-25 20:59:17,성공,/data/upload/lca0000/2025/6/4/70884691-ce44-460b-bdff-cf2149d71723.png,무료,이러닝,이러닝,공통역량,모집중,진행중,공무원+공무직+민간,"PC, Mobile",,2025-01-13 ~ 2025-12-12,2025-01-13 ~ 2025-12-12,4시간 00분,1741 / 999999 명,B2030028,253000291,더 나은 내 삶을 위한 긍정의 힘(공통역량),https://edu.kohi.or.kr/pt/pa/paa/BD_paa0040d.do,더 나은 내 삶을 위한 긍정의 힘(공통역량),작은 긍정의 힘이 나의 모든 것을 변화시킨다. 부정적인 생각은 자꾸 떠오르지만 긍정적인 생각은 하기 어렵다구요? 그렇다면 이 강의를 들어보세요. 나의 부정적 사고를 콕콕 찝어 긍정적 사고로 바꿔 줄 기회가 될거에요,"신청정보에 관한 표로 교육대상, 기수, 신청기간, 교육기간, 교육비, 교육시간, 신청인원/정원, 실습여부, 교육장소, 숙박여부에 대한 내용을 담고 있다. 교육대상 공무원+공무직+민간 기수 1기 신청기간 2025-01-13 ~ 2025-12-12 교육기간 신청일로부터 21 일 교육비 무료 교육시간 4 시간 00 분 신청인원/정원 1741 / 999999 명 사회복지인정시간 없음 교육장소 온라인 숙박여부 없음","교육구성(이러닝)에 관한 표로 차시, 차시명, 학습시간에 대한 내용을 담고있다. 차시 차시명 학습시간 1 불확실성을 피하려는 본능 21분 23초 2 생각을 귀찮아하는 습성 21분 25초 3 일석이조의 유혹에 빠지는 심리 17분 5초 4 머리 속 지식이 정답이라는 착각 16분 58초 5 손해는 무조건 피하자는 함정 18분 24초 6 맥락과 배경에 휘둘리는 판단 오류 17분 57초 7 생생한 경험에 지배 당하는 편향적 사고 16분 13초 8 익숙한 것이 아는 것이라는 착각 16분 50초 9 돈으로 행복을 만드는 방법 16분 9초 10 관계는 행복을 위한 투자 16분 8초 11 행복과 불행을 결정짓는 기억 16분 54초 12 행복을 가로막는 불필요한 기회 16분 35초","수료기준에 관한 표로 학습진도, 시험, 과제, 토론, 설문조사, 수료기준점수에 대한 내용을 담고있다. 학습진도 시험 과제 토론 설문조사 수료기준점수 100% 0점 0점 0점 미응시 100점이상","추천교육과정에 관한 표로 구분, 교육구분, 과정분류, 과정명, 신청기간, 교육기간에 대한 내용을 담고있다. 구분 교육구분 과정분류 과정명 신청기간 교육기간 추천 교육과정이 없습니다.",공무원+공무직+민간,1기,2025-01-13 ~ 2025-12-12,신청일로부터 21 일,무료,4 시간 00 분,1741 / 999999 명,없음,온라인,없음,"[{""제공받는 자"": ""국민건강보험공단"", ""제공목적"": ""요양보호사 보수교육 결과 관리"", ""제공항목"": ""교육생 성명, 교육일정,주민등록번호또는 외국인등록번호"", ""보유・이용기간"": ""교육종료연도다음해부터 3년""}]",1.0,78.0,100%,0점,0점,0점,미응시,100점이상,42.0,,,
보건복지인(人)을위한문제해결능력향상,2025-09-25 20:59:31,검색 결과 없음,,,,,,,,,,,,,,,,,,,,,,,,,,,,,,,,,,,,,,,,,,,,,,,
보건복지인의 셀프 동기부여,2025-09-25 20:59:47,성공,/data/upload/lca0000/2025/6/4/8fceba7e-ab51-4951-8f89-350718664b3f.png,무료,이러닝,이러닝,공통역량,모집중,진행중,공무원+공무직+민간,"PC, Mobile",,2025-01-13 ~ 2025-12-12,2025-01-13 ~ 2025-12-12,3시간 00분,523 / 999999 명,B2030029,253000301,"보건복지인의 셀프 동기부여 (공통역량, 리더십)",https://edu.kohi.or.kr/pt/pa/paa/BD_paa0040d.do,"보건복지인의 셀프 동기부여 (공통역량, 리더십)",의욕없는 삶을 바꾸기 위한 셀프 동기부여 나의 삶을 빛내 줄 셀프 동기부여 늦지 않았어요. 이제라도 변화시켜봐요.,"신청정보에 관한 표로 교육대상, 기수, 신청기간, 교육기간, 교육비, 교육시간, 신청인원/정원, 실습여부, 교육장소, 숙박여부에 대한 내용을 담고 있다. 교육대상 공무원+공무직+민간 기수 1기 신청기간 2025-01-13 ~ 2025-12-12 교육기간 신청일로부터 21 일 교육비 무료 교육시간 3 시간 00 분 신청인원/정원 523 / 999999 명 사회복지인정시간 없음 교육장소 온라인 숙박여부 없음","교육구성(이러닝)에 관한 표로 차시, 차시명, 학습시간에 대한 내용을 담고있다. 차시 차시명 학습시간 1 나와 우리, 그리고 동기의 두 얼굴 14분 41초 2 동기의 종류와 정서 14분 33초 3 동기의 종류와 일의 종류 12분 50초 4 미래′를 보는 동기와 ′지금′을 보는 동기 13분 42초 5 숲을 보는 동기와 나무를 보는 동기 14분 31초 6 탐색하는 동기와 점검하는 동기 15분 16초 7 동기와 인간의 두 자아, ′나′와 ′우리′ 18분 14초 8 질적 동기와 양적 동기 16분 26초 9 리더십의 핵심, 동기부여 16분 39초 10 창의적 사고의 원동력, 동기 19분 19초","수료기준에 관한 표로 학습진도, 시험, 과제, 토론, 설문조사, 수료기준점수에 대한 내용을 담고있다. 학습진도 시험 과제 토론 설문조사 수료기준점수 100% 0점 0점 0점 미응시 100점이상","추천교육과정에 관한 표로 구분, 교육구분, 과정분류, 과정명, 신청기간, 교육기간에 대한 내용을 담고있다. 구분 교육구분 과정분류 과정명 신청기간 교육기간 추천 교육과정이 없습니다.",공무원+공무직+민간,1기,2025-01-13 ~ 2025-12-12,신청일로부터 21 일,무료,3 시간 00 분,523 / 999999 명,없음,온라인,없음,"[{""제공받는 자"": ""국민건강보험공단"", ""제공목적"": ""요양보호사 보수교육 결과 관리"", ""제공항목"": ""교육생 성명, 교육일정,주민등록번호또는 외국인등록번호"", ""보유・이용기간"": ""교육종료연도다음해부터 3년""}]",1.0,55.0,100%,0점,0점,0점,미응시,100점이상,42.0,,,
삶을 변화시키는 매일 작은 습관만들기,2025-09-25 21:00:02,성공,/data/upload/lca0000/2025/6/5/23257f39-ae09-4157-aff2-fac940287fa9.png,무료,이러닝,이러닝,공통역량,모집중,진행중,공무원+공무직+민간,"PC, Mobile",,2025-01-13 ~ 2025-12-12,2025-01-13 ~ 2025-12-12,5시간 00분,1838 / 999999 명,B2030030,253000326,"삶을 변화시키는 매일 작은 습관만들기 (공통역량, 리더십)",https://edu.kohi.or.kr/pt/pa/paa/BD_paa0010l.do#none,"삶을 변화시키는 매일 작은 습관만들기 (공통역량, 리더십)","성공으로 가는 시간, 하루 10분 10분 투자로 100세 인생을 변화시켜 보세요","신청정보에 관한 표로 교육대상, 기수, 신청기간, 교육기간, 교육비, 교육시간, 신청인원/정원, 실습여부, 교육장소, 숙박여부에 대한 내용을 담고 있다. 교육대상 공무원+공무직+민간 기수 1기 신청기간 2025-01-13 ~ 2025-12-12 교육기간 신청일로부터 21 일 교육비 무료 교육시간 5 시간 00 분 신청인원/정원 1838 / 999999 명 사회복지인정시간 없음 교육장소 온라인 숙박여부 없음","교육구성(이러닝)에 관한 표로 차시, 차시명, 학습시간에 대한 내용을 담고있다. 차시 차시명 학습시간 1 습관이 우리를 만든다 10분 10초 2 습관도 길들이기 나름이다 9분 32초 3 습관으로 조직을 재창조하라 8분 49초 4 누구나 습관을 바꿀 수 있다 15분 35초 5 웃으면 복이 온다, 긍정의 감정 습관 12분 29초 6 평범한 일에 감사하라 12분 50초 7 걱정도 습관이다 14분 0초 8 비타민보다 운동, 내 심신을 단련하라. 15분 31초 9 소소한 습관을 들여라 19분 45초 10 가장 중요한 20%의 시간을 찾아라 16분 55초 11 소중한 것부터 먼저 하라, 시간관리 습관 16분 32초 12 나를 위한 보상을 하라 16분 42초 13 가는 말이 고와야 오는 말이 곱다 15분 56초 14 협력이 바로 Win Win이다 10분 32초 15 경청의 습관을 들여라 19분 26초 16 좋은 사람을 내 그물에 담아라 18분 13초 17 위대한 습관을 창조하라 16분 56초 1","수료기준에 관한 표로 학습진도, 시험, 과제, 토론, 설문조사, 수료기준점수에 대한 내용을 담고있다. 학습진도 시험 과제 토론 설문조사 수료기준점수 100% 0점 0점 0점 미응시 100점이상","추천교육과정에 관한 표로 구분, 교육구분, 과정분류, 과정명, 신청기간, 교육기간에 대한 내용을 담고있다. 구분 교육구분 과정분류 과정명 신청기간 교육기간 추천 교육과정이 없습니다.",공무원+공무직+민간,1기,2025-01-13 ~ 2025-12-12,신청일로부터 21 일,무료,5 시간 00 분,1838 / 999999 명,없음,온라인,없음,"[{""제공받는 자"": ""국민건강보험공단"", ""제공목적"": ""요양보호사 보수교육 결과 관리"", ""제공항목"": ""교육생 성명, 교육일정,주민등록번호또는 외국인등록번호"", ""보유・이용기간"": ""교육종료연도다음해부터 3년""}]",1.0,210.0,100%,0점,0점,0점,미응시,100점이상,42.0,,,
"성공하는 인생의 지름길, 셀프 리더십",2025-09-25 21:00:17,성공,/data/upload/lca0000/2025/6/5/5cb6bad7-6f1e-4406-9b16-ead492617285.png,무료,이러닝,이러닝,공통역량,모집중,진행중,공무원+공무직+민간,"PC, Mobile",,2025-01-13 ~ 2025-12-12,2025-01-13 ~ 2025-12-12,4시간 00분,1233 / 999999 명,B2030031,253000327,"성공하는 인생의 지름길, 셀프 리더십 (공통역량)",https://edu.kohi.or.kr/pt/pa/paa/BD_paa0040d.do,"성공하는 인생의 지름길, 셀프 리더십 (공통역량)","성공과 혁신, 변화, 진정한 성공을 원하십니까 셀프 리더로 성장하기 위한 노하우 지금부터 시작합니다.","신청정보에 관한 표로 교육대상, 기수, 신청기간, 교육기간, 교육비, 교육시간, 신청인원/정원, 실습여부, 교육장소, 숙박여부에 대한 내용을 담고 있다. 교육대상 공무원+공무직+민간 기수 1기 신청기간 2025-01-13 ~ 2025-12-12 교육기간 신청일로부터 21 일 교육비 무료 교육시간 4 시간 00 분 신청인원/정원 1233 / 999999 명 사회복지인정시간 없음 교육장소 온라인 숙박여부 없음","교육구성(이러닝)에 관한 표로 차시, 차시명, 학습시간에 대한 내용을 담고있다. 차시 차시명 학습시간 1 셀프 리더로의 성장, 신뢰로 시작하라 13분 9초 2 태도가 전부다 11분 44초 3 그대 스스로를 변화시켜라 12분 3초 4 높은 수준의 열망을 가져라 14분 44초 5 고통을 이겨내야 프로다 16분 28초 6 감사를 실천하면 저절로 발전한다 13분 43초 7 행동하는 낙관주의자가 돼라 14분 31초 8 진정한 성공을 재정의하라 13분 36초 9 네트워킹, 제대로 알고 실천하라 15분 41초 10 네트워킹 전략으로 성공기회를 창출하라 15분 15초 11 우리 삶에도 열린 혁신이 필요하다 11분 45초 12 요청의 힘을 이용하라 16분 34초 13 Give ＆ Give 하라 11분 7초 14 프로는 결과로 말한다 13분 5초 15 평생학습이 평생행복을 좌우한다 14분 22초","수료기준에 관한 표로 학습진도, 시험, 과제, 토론, 설문조사, 수료기준점수에 대한 내용을 담고있다. 학습진도 시험 과제 토론 설문조사 수료기준점수 100% 0점 0점 0점 미응시 100점이상","추천교육과정에 관한 표로 구분, 교육구분, 과정분류, 과정명, 신청기간, 교육기간에 대한 내용을 담고있다. 구분 교육구분 과정분류 과정명 신청기간 교육기간 추천 교육과정이 없습니다.",공무원+공무직+민간,1기,2025-01-13 ~ 2025-12-12,신청일로부터 21 일,무료,4 시간 00 분,1233 / 999999 명,없음,온라인,없음,"[{""제공받는 자"": ""국민건강보험공단"", ""제공목적"": ""요양보호사 보수교육 결과 관리"", ""제공항목"": ""교육생 성명, 교육일정,주민등록번호또는 외국인등록번호"", ""보유・이용기간"": ""교육종료연도다음해부터 3년""}]",1.0,120.0,100%,0점,0점,0점,미응시,100점이상,42.0,,,
절대 강대국은 없다. 강대국의 흥망성쇠,2025-09-25 21:00:32,검색 결과 없음,,,,,,,,,,,,,,,,,,,,,,,,,,,,,,,,,,,,,,,,,,,,,,,
"절대역사서, 사기를 통해 배우는 인문학",2025-09-25 21:00:48,검색 결과 없음,,,,,,,,,,,,,,,,,,,,,,,,,,,,,,,,,,,,,,,,,,,,,,,
존중과 사랑의 소통처방전,2025-09-25 21:01:03,성공,/data/upload/lca0000/2025/6/5/77d73ca7-fa7b-4f1f-b254-30379c85096b.png,무료,이러닝,이러닝,공통역량,모집중,진행중,공무원+공무직+민간,"PC, Mobile",,2025-01-13 ~ 2025-12-12,2025-01-13 ~ 2025-12-12,1시간 00분,546 / 999999 명,B2030001,253000333,"존중과 사랑의 소통처방전 (공통역량, 병원문화)",https://edu.kohi.or.kr/pt/pa/paa/BD_paa0010l.do#none,"존중과 사랑의 소통처방전 (공통역량, 병원문화)","병원 내 의료인들 사이에서 겪을 수 있는 폭언과 폭행 나도 모르는 사이에 가해자 또는 피해자가 될 수 있습니다. 본 교육과정을 통해 폭언,폭행 발생을 예방하고 건강한 병원문화를 조성해 나가는 기회를 가져봅시다.","신청정보에 관한 표로 교육대상, 기수, 신청기간, 교육기간, 교육비, 교육시간, 신청인원/정원, 실습여부, 교육장소, 숙박여부에 대한 내용을 담고 있다. 교육대상 공무원+공무직+민간 기수 1기 신청기간 2025-01-13 ~ 2025-12-12 교육기간 신청일로부터 21 일 교육비 무료 교육시간 1 시간 00 분 신청인원/정원 546 / 999999 명 사회복지인정시간 없음 교육장소 온라인 숙박여부 없음","교육구성(이러닝)에 관한 표로 차시, 차시명, 학습시간에 대한 내용을 담고있다. 차시 차시명 학습시간 1 폭언폭행 바로 알기 14분 51초 2 존중과 사랑의 소통하는 병원 만들기 13분 13초","수료기준에 관한 표로 학습진도, 시험, 과제, 토론, 설문조사, 수료기준점수에 대한 내용을 담고있다. 학습진도 시험 과제 토론 설문조사 수료기준점수 100% 0점 0점 0점 미응시 100점이상","추천교육과정에 관한 표로 구분, 교육구분, 과정분류, 과정명, 신청기간, 교육기간에 대한 내용을 담고있다. 구분 교육구분 과정분류 과정명 신청기간 교육기간 추천 교육과정이 없습니다.",공무원+공무직+민간,1기,2025-01-13 ~ 2025-12-12,신청일로부터 21 일,무료,1 시간 00 분,546 / 999999 명,없음,온라인,없음,"[{""제공받는 자"": ""국민건강보험공단"", ""제공목적"": ""요양보호사 보수교육 결과 관리"", ""제공항목"": ""교육생 성명, 교육일정,주민등록번호또는 외국인등록번호"", ""보유・이용기간"": ""교육종료연도다음해부터 3년""}]",1.0,3.0,100%,0점,0점,0점,미응시,100점이상,42.0,,,
플라톤을 통해 배우는 국가,2025-09-25 21:01:17,검색 결과 없음,,,,,,,,,,,,,,,,,,,,,,,,,,,,,,,,,,,,,,,,,,,,,,,
보건복지 동행(with 명강사) - 회복지원편,2025-09-25 21:01:32,검색 결과 없음,,,,,,,,,,,,,,,,,,,,,,,,,,,,,,,,,,,,,,,,,,,,,,,
KOHI 공개강의(LIVE 명사특강쇼) - MZ(미지)세계의 보건복지,2025-09-25 21:01:48,검색 결과 없음,,,,,,,,,,,,,,,,,,,,,,,,,,,,,,,,,,,,,,,,,,,,,,,
"보건의료, 미래 선도하는 취업 JOB GO!",2025-09-25 21:02:03,성공,/data/upload/lca0000/2025/6/5/9bec8b00-4e5b-473a-80bd-474bdd235c0b.png,무료,이러닝,이러닝,공통역량,모집중,진행중,공무원+공무직+민간,"PC, Mobile",있음,2025-01-13 ~ 2025-12-12,2025-01-13 ~ 2025-12-12,1시간 00분,100 / 999999 명,B2230007,253000323,"보건의료, 미래 선도하는 취업 JOB GO! (공통역량)",https://edu.kohi.or.kr/pt/pa/paa/BD_paa0010l.do#none,"보건의료, 미래 선도하는 취업 JOB GO! (공통역량)",실제 보건복지 분야 현장종사자의 생생한 일자리 정보 및 취업전략을 이해하고 희망하는 직무에 지원할 수 있다.,"신청정보에 관한 표로 교육대상, 기수, 신청기간, 교육기간, 교육비, 교육시간, 신청인원/정원, 실습여부, 교육장소, 숙박여부에 대한 내용을 담고 있다. 교육대상 공무원+공무직+민간 기수 1기 신청기간 2025-01-13 ~ 2025-12-12 교육기간 신청일로부터 21 일 교육비 무료 교육시간 1 시간 00 분 신청인원/정원 100 / 999999 명 사회복지인정시간 없음 교육장소 온라인 숙박여부 없음","교육구성(이러닝)에 관한 표로 차시, 차시명, 학습시간에 대한 내용을 담고있다. 차시 차시명 학습시간 1 화장품 취업 마스터 : R&D 분야 중심으로 36분 13초 2 의료인공지능의 세계 : 현재와 미래 29분 16초","수료기준에 관한 표로 학습진도, 시험, 과제, 토론, 설문조사, 수료기준점수에 대한 내용을 담고있다. 학습진도 시험 과제 토론 설문조사 수료기준점수 100% 0점 0점 0점 미응시 100점이상","추천교육과정에 관한 표로 구분, 교육구분, 과정분류, 과정명, 신청기간, 교육기간에 대한 내용을 담고있다. 구분 교육구분 과정분류 과정명 신청기간 교육기간 추천 교육과정이 없습니다.",공무원+공무직+민간,1기,2025-01-13 ~ 2025-12-12,신청일로부터 21 일,무료,1 시간 00 분,100 / 999999 명,없음,온라인,없음,"[{""제공받는 자"": ""국민건강보험공단"", ""제공목적"": ""요양보호사 보수교육 결과 관리"", ""제공항목"": ""교육생 성명, 교육일정,주민등록번호또는 외국인등록번호"", ""보유・이용기간"": ""교육종료연도다음해부터 3년""}]",1.0,3.0,100%,0점,0점,0점,미응시,100점이상,43.0,,,
창의적인정책개발의첫걸음,2025-09-25 21:02:18,성공,/data/upload/lca0000/2025/6/10/df2278bd-c17b-4d1a-9461-504ca1cee077.png,무료,이러닝,이러닝,공통역량,모집중,진행중,공무원+공무직+민간,"PC, Mobile",있음,2025-01-13 ~ 2025-12-12,2025-01-13 ~ 2025-12-12,2시간 00분,494 / 999999 명,B2230817,253000335,창의적인 정책개발의 첫 걸음 (공통역량),https://edu.kohi.or.kr/pt/pa/paa/BD_paa0010l.do#none,창의적인 정책개발의 첫 걸음 (공통역량),"∙ 정책은 중요한 사회문제를 해결하기 위한 정부의 행동계획을 의미합니다. 따라서, 성공적으로 정책을 개발하는 것은 사회문제를 효과적으로 해결하는 열쇠가 될 수 있습니다. ∙ 정책을 성공적으로 개발하기 위한 전략을 정책개발의 단계별로 이해하고, 실제 정책과정(중요문제의 해결과정)에서 적용할 수 있게 될 것입니다. ∙ 특히, 이 과정은 전체 정책개발과정의 단계 중 정책문제 정의와 정책대안 개발에 초점을 두었습니다.","신청정보에 관한 표로 교육대상, 기수, 신청기간, 교육기간, 교육비, 교육시간, 신청인원/정원, 실습여부, 교육장소, 숙박여부에 대한 내용을 담고 있다. 교육대상 공무원+공무직+민간 기수 1기 신청기간 2025-01-13 ~ 2025-12-12 교육기간 신청일로부터 21 일 교육비 무료 교육시간 2 시간 00 분 신청인원/정원 494 / 999999 명 사회복지인정시간 없음 교육장소 온라인 숙박여부 없음","교육구성(이러닝)에 관한 표로 차시, 차시명, 학습시간에 대한 내용을 담고있다. 차시 차시명 학습시간 1 정책개발의 이해 35분 10초 2 창의적인 정책개발의 핵심단계 – 문제인식과 정의(1) 28분 51초 3 창의적인 정책개발의 핵심단계 – 문제인식과 정의(2) 28분 37초 4 창의적인 정책개발의 핵심단계 – 정책대안 개발 34분 10초","수료기준에 관한 표로 학습진도, 시험, 과제, 토론, 설문조사, 수료기준점수에 대한 내용을 담고있다. 학습진도 시험 과제 토론 설문조사 수료기준점수 100% 0점 0점 0점 미응시 100점이상","추천교육과정에 관한 표로 구분, 교육구분, 과정분류, 과정명, 신청기간, 교육기간에 대한 내용을 담고있다. 구분 교육구분 과정분류 과정명 신청기간 교육기간 추천 교육과정이 없습니다.",공무원+공무직+민간,1기,2025-01-13 ~ 2025-12-12,신청일로부터 21 일,무료,2 시간 00 분,494 / 999999 명,없음,온라인,없음,"[{""제공받는 자"": ""국민건강보험공단"", ""제공목적"": ""요양보호사 보수교육 결과 관리"", ""제공항목"": ""교육생 성명, 교육일정,주민등록번호또는 외국인등록번호"", ""보유・이용기간"": ""교육종료연도다음해부터 3년""}]",1.0,10.0,100%,0점,0점,0점,미응시,100점이상,43.0,,,
취업코치의꿀팁대방출(스펙부터AI면접까지),2025-09-25 21:02:31,성공,/data/upload/lca0000/2025/6/5/0fcfe481-1db0-4612-97fb-77dc200a9596.png,무료,이러닝,이러닝,공통역량,모집중,진행중,공무원+공무직+민간,"PC, Mobile",있음,2025-01-13 ~ 2025-12-12,2025-01-13 ~ 2025-12-12,1시간 00분,150 / 999999 명,B2230005,253000336,취업코치의 꿀팁 대방출(스펙부터 AI면접까지) (공통역량),https://edu.kohi.or.kr/pt/pa/paa/BD_paa0010l.do#none,취업코치의 꿀팁 대방출(스펙부터 AI면접까지) (공통역량),"∙ 최신 취업트렌드 및 스펙관리, 자기소개서 작성 등 일자리 정보를 알고 희망하는 직무에 지원할 수 있다. · AI면접(역량검사) 종류와 특징 및 대응법을 이해하고, 답변전략을 구상할 수 있다.","신청정보에 관한 표로 교육대상, 기수, 신청기간, 교육기간, 교육비, 교육시간, 신청인원/정원, 실습여부, 교육장소, 숙박여부에 대한 내용을 담고 있다. 교육대상 공무원+공무직+민간 기수 1기 신청기간 2025-01-13 ~ 2025-12-12 교육기간 신청일로부터 21 일 교육비 무료 교육시간 1 시간 00 분 신청인원/정원 150 / 999999 명 사회복지인정시간 없음 교육장소 온라인 숙박여부 없음","교육구성(이러닝)에 관한 표로 차시, 차시명, 학습시간에 대한 내용을 담고있다. 차시 차시명 학습시간 1 선배가 알려주는 스펙 만들기 28분 6초 2 AI면접(역량검사) 바로알기 43분 30초","수료기준에 관한 표로 학습진도, 시험, 과제, 토론, 설문조사, 수료기준점수에 대한 내용을 담고있다. 학습진도 시험 과제 토론 설문조사 수료기준점수 100% 0점 0점 0점 미응시 100점이상","추천교육과정에 관한 표로 구분, 교육구분, 과정분류, 과정명, 신청기간, 교육기간에 대한 내용을 담고있다. 구분 교육구분 과정분류 과정명 신청기간 교육기간 추천 교육과정이 없습니다.",공무원+공무직+민간,1기,2025-01-13 ~ 2025-12-12,신청일로부터 21 일,무료,1 시간 00 분,150 / 999999 명,없음,온라인,없음,"[{""제공받는 자"": ""국민건강보험공단"", ""제공목적"": ""요양보호사 보수교육 결과 관리"", ""제공항목"": ""교육생 성명, 교육일정,주민등록번호또는 외국인등록번호"", ""보유・이용기간"": ""교육종료연도다음해부터 3년""}]",1.0,3.0,100%,0점,0점,0점,미응시,100점이상,43.0,,,
KOHI공개강의나이들수록 행복해지려면,2025-09-25 21:02:44,검색 결과 없음,,,,,,,,,,,,,,,,,,,,,,,,,,,,,,,,,,,,,,,,,,,,,,,
KOHI공개강의 무례한세상속앞으로나아가는마음관리법8가지,2025-09-25 21:02:59,검색 결과 없음,,,,,,,,,,,,,,,,,,,,,,,,,,,,,,,,,,,,,,,,,,,,,,,
KOHI북토크-어른의대화법,2025-09-25 21:03:14,검색 결과 없음,,,,,,,,,,,,,,,,,,,,,,,,,,,,,,,,,,,,,,,,,,,,,,,
KOHI북토크-어바웃번아웃,2025-09-25 21:03:30,검색 결과 없음,,,,,,,,,,,,,,,,,,,,,,,,,,,,,,,,,,,,,,,,,,,,,,,
"감정노동, 상처받지않은것처럼일하기",2025-09-25 21:03:46,성공,/data/upload/lca0000/2025/6/10/c59c98b6-0a97-454a-bfe4-e4c13babde39.png,무료,이러닝,이러닝,공통역량,모집중,진행중,공무원+공무직+민간,"PC, Mobile",있음,2025-01-13 ~ 2025-12-12,2025-01-13 ~ 2025-12-12,2시간 00분,1855 / 999999 명,B2330019,253000287,"감정노동, 상처받지 않은것처럼 일하기(공통역량)",https://edu.kohi.or.kr/pt/pa/paa/BD_paa0010l.do#none,"감정노동, 상처받지 않은것처럼 일하기(공통역량)","∙ “일 똑바로 하세요!” “윗사람 나오라고 그래!” 화나고, 우울하고, 눈물나는 보건복지 감정노동자의 마음을 다독이기 위해, 정신건강의학과 조성준 교수님의 따뜻한 힐링상담소가 오픈하였습니다. ∙ 보건복지 종사자의 실제 경험담을 함께 공감하고, 문제상황에 대한 대처방법, 마음 다스리는 법 등 생활 속 활용 팁을 알려드립니다.","신청정보에 관한 표로 교육대상, 기수, 신청기간, 교육기간, 교육비, 교육시간, 신청인원/정원, 실습여부, 교육장소, 숙박여부에 대한 내용을 담고 있다. 교육대상 공무원+공무직+민간 기수 1기 신청기간 2025-01-13 ~ 2025-12-12 교육기간 신청일로부터 21 일 교육비 무료 교육시간 2 시간 00 분 신청인원/정원 1855 / 999999 명 사회복지인정시간 없음 교육장소 온라인 숙박여부 없음","교육구성(이러닝)에 관한 표로 차시, 차시명, 학습시간에 대한 내용을 담고있다. 차시 차시명 학습시간 1 번아웃과 분노조절 37분 33초 2 불안, 감정 메마름과 PTSD 39분 7초 3 우울증과 불면증 35분 7초","수료기준에 관한 표로 학습진도, 시험, 과제, 토론, 설문조사, 수료기준점수에 대한 내용을 담고있다. 학습진도 시험 과제 토론 설문조사 수료기준점수 100% 0점 0점 0점 미응시 100점이상","추천교육과정에 관한 표로 구분, 교육구분, 과정분류, 과정명, 신청기간, 교육기간에 대한 내용을 담고있다. 구분 교육구분 과정분류 과정명 신청기간 교육기간 추천 교육과정이 없습니다.",공무원+공무직+민간,1기,2025-01-13 ~ 2025-12-12,신청일로부터 21 일,무료,2 시간 00 분,1855 / 999999 명,없음,온라인,없음,"[{""제공받는 자"": ""국민건강보험공단"", ""제공목적"": ""요양보호사 보수교육 결과 관리"", ""제공항목"": ""교육생 성명, 교육일정,주민등록번호또는 외국인등록번호"", ""보유・이용기간"": ""교육종료연도다음해부터 3년""}]",1.0,6.0,100%,0점,0점,0점,미응시,100점이상,43.0,,,
보건복지 강사 강의 역량레벨업,2025-09-25 21:03:59,성공,/data/upload/lca0000/2025/6/10/ff3afc57-f70f-486c-ab43-22ae9759039b.png,무료,이러닝,이러닝,공통역량,모집중,진행중,공무원+공무직+민간,"PC, Mobile",있음,2025-01-13 ~ 2025-12-12,2025-01-13 ~ 2025-12-12,1시간 30분,132 / 999999 명,B2330966,253000292,보건복지 강사 강의역량 레벨업(공통역량),https://edu.kohi.or.kr/pt/pa/paa/BD_paa0010l.do#none,보건복지 강사 강의역량 레벨업(공통역량),∙ 업무 노하우와 현장의 이야기를 전달하고 싶은 보건복지 종사자를 위한 ‘보건복지 강사 강의역량 레벨업’ ∙ 코칭전문가와 명강사가 알려주는 다양한 강의 스킬과 노하우를 지금 바로 배워보세요!,"신청정보에 관한 표로 교육대상, 기수, 신청기간, 교육기간, 교육비, 교육시간, 신청인원/정원, 실습여부, 교육장소, 숙박여부에 대한 내용을 담고 있다. 교육대상 공무원+공무직+민간 기수 1기 신청기간 2025-01-13 ~ 2025-12-12 교육기간 신청일로부터 21 일 교육비 무료 교육시간 1 시간 30 분 신청인원/정원 132 / 999999 명 사회복지인정시간 없음 교육장소 온라인 숙박여부 없음","교육구성(이러닝)에 관한 표로 차시, 차시명, 학습시간에 대한 내용을 담고있다. 차시 차시명 학습시간 1 강의 오프닝 스킬 20분 17초 2 언어적 강의 스킬 21분 55초 3 비언어적 강의 스킬 20분 28초","수료기준에 관한 표로 학습진도, 시험, 과제, 토론, 설문조사, 수료기준점수에 대한 내용을 담고있다. 학습진도 시험 과제 토론 설문조사 수료기준점수 100% 0점 0점 0점 미응시 100점이상","추천교육과정에 관한 표로 구분, 교육구분, 과정분류, 과정명, 신청기간, 교육기간에 대한 내용을 담고있다. 구분 교육구분 과정분류 과정명 신청기간 교육기간 추천 교육과정이 없습니다.",공무원+공무직+민간,1기,2025-01-13 ~ 2025-12-12,신청일로부터 21 일,무료,1 시간 30 분,132 / 999999 명,없음,온라인,없음,"[{""제공받는 자"": ""국민건강보험공단"", ""제공목적"": ""요양보호사 보수교육 결과 관리"", ""제공항목"": ""교육생 성명, 교육일정,주민등록번호또는 외국인등록번호"", ""보유・이용기간"": ""교육종료연도다음해부터 3년""}]",1.0,6.0,100%,0점,0점,0점,미응시,100점이상,43.0,,,
보건복지人힐링고민상담소,2025-09-25 21:04:11,검색 결과 없음,,,,,,,,,,,,,,,,,,,,,,,,,,,,,,,,,,,,,,,,,,,,,,,
보건복지종사자를위한공문서작성기술,2025-09-25 21:04:27,성공,/data/upload/lca0000/2025/6/9/b27eba9a-e954-499f-af3e-9dc8181b83f2.png,무료,이러닝,이러닝,공통역량,모집중,진행중,공무원+공무직+민간,"PC, Mobile",있음,2025-01-13 ~ 2025-12-12,2025-01-13 ~ 2025-12-12,3시간 00분,1348 / 999999 명,B2330016,253000303,보건복지종사자를 위한 공문서 작성 기술(공통역랑),https://edu.kohi.or.kr/pt/pa/paa/BD_paa0010l.do#none,보건복지종사자를 위한 공문서 작성 기술(공통역랑),"∙ 알 듯 모를 듯 헷갈리는 공문서 작성법. 이제 문서 작성으로 겪는 어려움은 그만! 꼭 필요한 핵심만 담은 공문서 작성 기술, 지금 바로 시작해 보세요!","신청정보에 관한 표로 교육대상, 기수, 신청기간, 교육기간, 교육비, 교육시간, 신청인원/정원, 실습여부, 교육장소, 숙박여부에 대한 내용을 담고 있다. 교육대상 공무원+공무직+민간 기수 1기 신청기간 2025-01-13 ~ 2025-12-12 교육기간 신청일로부터 21 일 교육비 무료 교육시간 3 시간 00 분 신청인원/정원 1348 / 999999 명 사회복지인정시간 없음 교육장소 온라인 숙박여부 없음","교육구성(이러닝)에 관한 표로 차시, 차시명, 학습시간에 대한 내용을 담고있다. 차시 차시명 학습시간 1 공문서 이해와 작성 기준 파악 38분 53초 2 작성 기준 적용과 전형적인 문서 작성 실습 43분 7초 3 보고서 구성과 표기·표현 36분 26초 4 논리 구조와 표기·표현 기준에 따른 보고서 작성 실습 40분 3초","수료기준에 관한 표로 학습진도, 시험, 과제, 토론, 설문조사, 수료기준점수에 대한 내용을 담고있다. 학습진도 시험 과제 토론 설문조사 수료기준점수 100% 0점 0점 0점 미응시 100점이상","추천교육과정에 관한 표로 구분, 교육구분, 과정분류, 과정명, 신청기간, 교육기간에 대한 내용을 담고있다. 구분 교육구분 과정분류 과정명 신청기간 교육기간 추천 교육과정이 없습니다.",공무원+공무직+민간,1기,2025-01-13 ~ 2025-12-12,신청일로부터 21 일,무료,3 시간 00 분,1348 / 999999 명,없음,온라인,없음,"[{""제공받는 자"": ""국민건강보험공단"", ""제공목적"": ""요양보호사 보수교육 결과 관리"", ""제공항목"": ""교육생 성명, 교육일정,주민등록번호또는 외국인등록번호"", ""보유・이용기간"": ""교육종료연도다음해부터 3년""}]",1.0,10.0,100%,0점,0점,0점,미응시,100점이상,43.0,,,
사회복지현장저작권분쟁예방교육,2025-09-25 21:04:39,성공,/data/upload/lca0000/2025/1/10/9c3ef71a-235a-43dc-8152-55d482b7ef61.png,무료,이러닝,이러닝,공통역량,모집중,진행중,공무원+공무직+민간,"PC, Mobile",있음,2025-01-13 ~ 2025-12-12,2025-01-13 ~ 2025-12-12,1시간 30분,356 / 999999 명,B2330932,253000325,사회복지현장 저작권 분쟁 예방교육 (공통역량),https://edu.kohi.or.kr/pt/pa/paa/BD_paa0010l.do#none,사회복지현장 저작권 분쟁 예방교육 (공통역량),· “이 폰트 예쁜데? 사용해야지~ 저 이미지 너무 멋지잖아? 이것도 사용하자!” 혹시 타인의 저작물을 마음대로 사용하고 있지는 않으신가요? · 나도 모르는 새에 휘말릴 수 있는 저작권 분쟁. 이제 정확하게 알고 올바르게 사용합시다!,"신청정보에 관한 표로 교육대상, 기수, 신청기간, 교육기간, 교육비, 교육시간, 신청인원/정원, 실습여부, 교육장소, 숙박여부에 대한 내용을 담고 있다. 교육대상 공무원+공무직+민간 기수 1기 신청기간 2025-01-13 ~ 2025-12-12 교육기간 신청일로부터 21 일 교육비 무료 교육시간 1 시간 30 분 신청인원/정원 356 / 999999 명 사회복지인정시간 없음 교육장소 온라인 숙박여부 없음","교육구성(이러닝)에 관한 표로 차시, 차시명, 학습시간에 대한 내용을 담고있다. 차시 차시명 학습시간 1 폰트 29분 42초 2 이미지, 음악 16분 12초 3 무료사이트 22분 43초","수료기준에 관한 표로 학습진도, 시험, 과제, 토론, 설문조사, 수료기준점수에 대한 내용을 담고있다. 학습진도 시험 과제 토론 설문조사 수료기준점수 100% 0점 0점 0점 미응시 100점이상","추천교육과정에 관한 표로 구분, 교육구분, 과정분류, 과정명, 신청기간, 교육기간에 대한 내용을 담고있다. 구분 교육구분 과정분류 과정명 신청기간 교육기간 추천 교육과정이 없습니다.",공무원+공무직+민간,1기,2025-01-13 ~ 2025-12-12,신청일로부터 21 일,무료,1 시간 30 분,356 / 999999 명,없음,온라인,없음,"[{""제공받는 자"": ""국민건강보험공단"", ""제공목적"": ""요양보호사 보수교육 결과 관리"", ""제공항목"": ""교육생 성명, 교육일정,주민등록번호또는 외국인등록번호"", ""보유・이용기간"": ""교육종료연도다음해부터 3년""}]",1.0,6.0,100%,0점,0점,0점,미응시,100점이상,43.0,,,
KOHI가 들려주는보건복지 이야기(복지),2025-09-25 21:04:53,성공,/data/upload/lca0000/2025/6/9/53d9d023-782b-447a-9cba-232b15436280.png,무료,이러닝,이러닝,복지일반,모집중,진행중,공무원+공무직+민간,"PC, Mobile",있음,2025-02-03 ~ 2025-12-12,2025-02-03 ~ 2025-12-12,1시간 00분,229 / 999 명,B2330955,253000723,KOHI가 들려주는 보건복지이야기(복지),https://edu.kohi.or.kr/pt/pa/paa/BD_paa0010l.do#none,KOHI가 들려주는 보건복지이야기(복지),∙ 보건복지 어려우셨죠? 한국보건복지인재원(KOHI)에서는 보건복지분야에 관심있는 모든 분들을 위해 꼭 알아야 하는 개념들을 이러닝으로 만들었습니다. KOHI가 들려주는 보건복지 이야기를 들으실 준비가 되셨나요?자~이제 시작합니다~!,"신청정보에 관한 표로 교육대상, 기수, 신청기간, 교육기간, 교육비, 교육시간, 신청인원/정원, 실습여부, 교육장소, 숙박여부에 대한 내용을 담고 있다. 교육대상 공무원+공무직+민간 기수 1기 신청기간 2025-02-03 ~ 2025-12-12 교육기간 신청일로부터 21 일 교육비 무료 교육시간 1 시간 00 분 신청인원/정원 229 / 999 명 사회복지인정시간 1 시간 00 분 교육장소 온라인 숙박여부 없음","교육구성(이러닝)에 관한 표로 차시, 차시명, 학습시간에 대한 내용을 담고있다. 차시 차시명 학습시간 1 KOHI 복지이야기 Ⅰ - 우리가 몰랐던 복지 27분 36초 2 KOHI 복지이야기 Ⅱ - 발달장애와 사회적 돌봄 28분 3초","수료기준에 관한 표로 학습진도, 시험, 과제, 토론, 설문조사, 수료기준점수에 대한 내용을 담고있다. 학습진도 시험 과제 토론 설문조사 수료기준점수 100% 0점 0점 0점 미응시 100점이상","추천교육과정에 관한 표로 구분, 교육구분, 과정분류, 과정명, 신청기간, 교육기간에 대한 내용을 담고있다. 구분 교육구분 과정분류 과정명 신청기간 교육기간 추천 교육과정이 없습니다.",공무원+공무직+민간,1기,2025-02-03 ~ 2025-12-12,신청일로부터 21 일,무료,1 시간 00 분,229 / 999 명,1 시간 00 분,온라인,없음,"[{""제공받는 자"": ""국민건강보험공단"", ""제공목적"": ""요양보호사 보수교육 결과 관리"", ""제공항목"": ""교육생 성명, 교육일정,주민등록번호또는 외국인등록번호"", ""보유・이용기간"": ""교육종료연도다음해부터 3년""}]",1.0,3.0,100%,0점,0점,0점,미응시,100점이상,43.0,,,
보건복지동행(with명강사)_복지정책편,2025-09-25 21:05:05,성공,/data/upload/lca0000/2025/6/5/67a690ae-63b2-4099-a42e-4dec97c5f20d.png,무료,이러닝,이러닝,복지일반,모집중,진행중,공무원+공무직+민간,"PC, Mobile, 수어지원",있음,2025-02-03 ~ 2025-12-12,2025-02-03 ~ 2025-12-12,1시간 00분,477 / 9999 명,B2130791,253000709,보건복지 동행(with 명강사)_복지정책편,https://edu.kohi.or.kr/pt/pa/paa/BD_paa0010l.do#none,보건복지 동행(with 명강사)_복지정책편,"2021년 온라인 명강사가 새롭게 돌아왔다! 진로를 고민하는 학생부터 취업준비생, 직장인, 전국에 계신 국민들 모두 집중! 궁금했지만 알려주는 사람 없던 보건복지 현장 이야기 지금 시작합니다!","신청정보에 관한 표로 교육대상, 기수, 신청기간, 교육기간, 교육비, 교육시간, 신청인원/정원, 실습여부, 교육장소, 숙박여부에 대한 내용을 담고 있다. 교육대상 공무원+공무직+민간 기수 1기 신청기간 2025-02-03 ~ 2025-12-12 교육기간 신청일로부터 21 일 교육비 무료 교육시간 1 시간 00 분 신청인원/정원 477 / 9999 명 사회복지인정시간 1 시간 00 분 교육장소 온라인 숙박여부 없음","교육구성(이러닝)에 관한 표로 차시, 차시명, 학습시간에 대한 내용을 담고있다. 차시 차시명 학습시간 1 저소득 한부모 가족을 구하라 18분 7초 2 한눈에 알아보는 장애인 정책 리딩 17분 17초","수료기준에 관한 표로 학습진도, 시험, 과제, 토론, 설문조사, 수료기준점수에 대한 내용을 담고있다. 학습진도 시험 과제 토론 설문조사 수료기준점수 100% 0점 0점 0점 미응시 100점이상","추천교육과정에 관한 표로 구분, 교육구분, 과정분류, 과정명, 신청기간, 교육기간에 대한 내용을 담고있다. 구분 교육구분 과정분류 과정명 신청기간 교육기간 추천 교육과정이 없습니다.",공무원+공무직+민간,1기,2025-02-03 ~ 2025-12-12,신청일로부터 21 일,무료,1 시간 00 분,477 / 9999 명,1 시간 00 분,온라인,없음,"[{""제공받는 자"": ""국민건강보험공단"", ""제공목적"": ""요양보호사 보수교육 결과 관리"", ""제공항목"": ""교육생 성명, 교육일정,주민등록번호또는 외국인등록번호"", ""보유・이용기간"": ""교육종료연도다음해부터 3년""}]",1.0,3.0,100%,0점,0점,0점,미응시,100점이상,43.0,,,
사회복지가치와기본법제,2025-09-25 21:05:18,성공,/data/upload/lca0000/2025/1/22/5ceab4d5-e096-49e2-bb2d-d578ffd44a8b.jpg,무료,이러닝,이러닝,복지일반,모집중,진행중,공무원+공무직+민간,"PC, Mobile",,2025-02-03 ~ 2025-12-12,2025-02-03 ~ 2025-12-12,2시간 00분,335 / 9999 명,B2030068,253000702,사회복지가치와기본법제,https://edu.kohi.or.kr/pt/pa/paa/BD_paa0010l.do#none,사회복지가치와기본법제,본 교육과정을 통해 사회복지의 가치를 알고 사회복지의 주체와 객체의 역할 및 속성에 대해 배울 수 있다.,"신청정보에 관한 표로 교육대상, 기수, 신청기간, 교육기간, 교육비, 교육시간, 신청인원/정원, 실습여부, 교육장소, 숙박여부에 대한 내용을 담고 있다. 교육대상 공무원+공무직+민간 기수 1기 신청기간 2025-02-03 ~ 2025-12-12 교육기간 신청일로부터 21 일 교육비 무료 교육시간 2 시간 00 분 신청인원/정원 335 / 9999 명 사회복지인정시간 2 시간 00 분 교육장소 온라인 숙박여부 없음","교육구성(이러닝)에 관한 표로 차시, 차시명, 학습시간에 대한 내용을 담고있다. 차시 차시명 학습시간 1 권리로서의 사회복지 37분 0초 2 사회보장 수급권 31분 0초 3 사회복지의 주체(제공자)와 역할 44분 40초 4 사회복지의 객체(대상자)와 속성 35분 58초","수료기준에 관한 표로 학습진도, 시험, 과제, 토론, 설문조사, 수료기준점수에 대한 내용을 담고있다. 학습진도 시험 과제 토론 설문조사 수료기준점수 100% 0점 0점 0점 미응시 100점이상","추천교육과정에 관한 표로 구분, 교육구분, 과정분류, 과정명, 신청기간, 교육기간에 대한 내용을 담고있다. 구분 교육구분 과정분류 과정명 신청기간 교육기간 추천 교육과정이 없습니다.",공무원+공무직+민간,1기,2025-02-03 ~ 2025-12-12,신청일로부터 21 일,무료,2 시간 00 분,335 / 9999 명,2 시간 00 분,온라인,없음,"[{""제공받는 자"": ""국민건강보험공단"", ""제공목적"": ""요양보호사 보수교육 결과 관리"", ""제공항목"": ""교육생 성명, 교육일정,주민등록번호또는 외국인등록번호"", ""보유・이용기간"": ""교육종료연도다음해부터 3년""}]",1.0,10.0,100%,0점,0점,0점,미응시,100점이상,42.0,,,
"사회복지 북토크 (언젠가, 충만한 사회복지)-사람을 옹호하라",2025-09-25 21:05:31,검색 결과 없음,,,,,,,,,,,,,,,,,,,,,,,,,,,,,,,,,,,,,,,,,,,,,,,
"사회복지 북토크 (언젠가, 충만한 사회복지) -사회복지, 평생 할 수 있을까?",2025-09-25 21:05:47,검색 결과 없음,,,,,,,,,,,,,,,,,,,,,,,,,,,,,,,,,,,,,,,,,,,,,,,
"사회복지 북토크 (언젠가, 충만한 사회복지) -우리가 최선을 다하고 있다는 착각",2025-09-25 21:06:01,검색 결과 없음,,,,,,,,,,,,,,,,,,,,,,,,,,,,,,,,,,,,,,,,,,,,,,,
"사회복지 북토크 (언젠가, 충만한 사회복지)-이번 생의 복지국가",2025-09-25 21:06:17,검색 결과 없음,,,,,,,,,,,,,,,,,,,,,,,,,,,,,,,,,,,,,,,,,,,,,,,
사회복지와 역사,2025-09-25 21:06:32,성공,/data/upload/lca0000/2025/6/5/32970061-e302-46de-8d93-9208c0361b4e.png,무료,이러닝,이러닝,복지일반,모집중,진행중,공무원+공무직+민간,"PC, Mobile, 수어지원",,2025-02-03 ~ 2025-12-12,2025-02-03 ~ 2025-12-12,3시간 00분,692 / 999 명,B2030096,253000703,사회복지와역사,https://edu.kohi.or.kr/pt/pa/paa/BD_paa0010l.do#none,사회복지와역사,우리의 역사 속에 사회복지에 대해 알아봅시다.,"신청정보에 관한 표로 교육대상, 기수, 신청기간, 교육기간, 교육비, 교육시간, 신청인원/정원, 실습여부, 교육장소, 숙박여부에 대한 내용을 담고 있다. 교육대상 공무원+공무직+민간 기수 1기 신청기간 2025-02-03 ~ 2025-12-12 교육기간 신청일로부터 21 일 교육비 무료 교육시간 3 시간 00 분 신청인원/정원 692 / 999 명 사회복지인정시간 3 시간 00 분 교육장소 온라인 숙박여부 없음","교육구성(이러닝)에 관한 표로 차시, 차시명, 학습시간에 대한 내용을 담고있다. 차시 차시명 학습시간 1 환과고독과 기초생활보장제도 23분 16초 2 향약과 사회보험 25분 55초 3 자휼전칙과 아동복지 23분 35초 4 동학과 인권사상 22분 50초 5 문둥이를 인간으로 바꾼 구라행진 22분 50초","수료기준에 관한 표로 학습진도, 시험, 과제, 토론, 설문조사, 수료기준점수에 대한 내용을 담고있다. 학습진도 시험 과제 토론 설문조사 수료기준점수 100% 0점 0점 0점 미응시 100점이상","추천교육과정에 관한 표로 구분, 교육구분, 과정분류, 과정명, 신청기간, 교육기간에 대한 내용을 담고있다. 구분 교육구분 과정분류 과정명 신청기간 교육기간 추천 교육과정이 없습니다.",공무원+공무직+민간,1기,2025-02-03 ~ 2025-12-12,신청일로부터 21 일,무료,3 시간 00 분,692 / 999 명,3 시간 00 분,온라인,없음,"[{""제공받는 자"": ""국민건강보험공단"", ""제공목적"": ""요양보호사 보수교육 결과 관리"", ""제공항목"": ""교육생 성명, 교육일정,주민등록번호또는 외국인등록번호"", ""보유・이용기간"": ""교육종료연도다음해부터 3년""}]",1.0,15.0,100%,0점,0점,0점,미응시,100점이상,42.0,,,
사회복지와 인권,2025-09-25 21:06:45,성공,/data/upload/lca0000/2025/1/22/0e029ef0-89cf-4af3-aa36-baeab546bcf6.jpg,무료,이러닝,이러닝,복지일반,모집중,진행중,공무원+공무직+민간,"PC, Mobile",,2025-02-03 ~ 2025-12-12,2025-02-03 ~ 2025-12-12,2시간 00분,6344 / 9999 명,B2030098,253000704,사회복지와인권,https://edu.kohi.or.kr/pt/pa/paa/BD_paa0010l.do#none,사회복지와인권,지자체 사회복지법인 및 시설 종사자와 담당공무원을 대상으로 '사회복지와 인권'에 대해 알려드립니다.,"신청정보에 관한 표로 교육대상, 기수, 신청기간, 교육기간, 교육비, 교육시간, 신청인원/정원, 실습여부, 교육장소, 숙박여부에 대한 내용을 담고 있다. 교육대상 공무원+공무직+민간 기수 1기 신청기간 2025-02-03 ~ 2025-12-12 교육기간 신청일로부터 21 일 교육비 무료 교육시간 2 시간 00 분 신청인원/정원 6344 / 9999 명 사회복지인정시간 2 시간 00 분 교육장소 온라인 숙박여부 없음","교육구성(이러닝)에 관한 표로 차시, 차시명, 학습시간에 대한 내용을 담고있다. 차시 차시명 학습시간 1 인권의 이해 18분 57초 2 인권의 기본가치와 인권발달의 역사 18분 59초 3 인권기반 사회복지의 특징 20분 33초 4 인권기반 사회복지의 사례와 영향 24분 16초","수료기준에 관한 표로 학습진도, 시험, 과제, 토론, 설문조사, 수료기준점수에 대한 내용을 담고있다. 학습진도 시험 과제 토론 설문조사 수료기준점수 100% 0점 0점 0점 미응시 100점이상","추천교육과정에 관한 표로 구분, 교육구분, 과정분류, 과정명, 신청기간, 교육기간에 대한 내용을 담고있다. 구분 교육구분 과정분류 과정명 신청기간 교육기간 추천 교육과정이 없습니다.",공무원+공무직+민간,1기,2025-02-03 ~ 2025-12-12,신청일로부터 21 일,무료,2 시간 00 분,6344 / 9999 명,2 시간 00 분,온라인,없음,"[{""제공받는 자"": ""국민건강보험공단"", ""제공목적"": ""요양보호사 보수교육 결과 관리"", ""제공항목"": ""교육생 성명, 교육일정,주민등록번호또는 외국인등록번호"", ""보유・이용기간"": ""교육종료연도다음해부터 3년""}]",1.0,10.0,100%,0점,0점,0점,미응시,100점이상,42.0,,,
해결중심 상담기법,2025-09-25 21:06:57,성공,/data/upload/lca0000/2025/1/22/47f645ea-5170-45cf-873c-11832e642b50.png,무료,이러닝,이러닝,복지일반,모집중,진행중,공무원+공무직+민간,"PC, Mobile",있음,2025-02-03 ~ 2025-12-12,2025-02-03 ~ 2025-12-12,5시간 00분,1313 / 9999 명,B2030830,253000705,해결중심상담기법,https://edu.kohi.or.kr/pt/pa/paa/BD_paa0010l.do#none,해결중심상담기법,"가족상담의 개요, 해결중심 단기상담의 가정과 기본원리 등 효과적인 상담을 할 수 있는 방법을 알 수 있다.","신청정보에 관한 표로 교육대상, 기수, 신청기간, 교육기간, 교육비, 교육시간, 신청인원/정원, 실습여부, 교육장소, 숙박여부에 대한 내용을 담고 있다. 교육대상 공무원+공무직+민간 기수 1기 신청기간 2025-02-03 ~ 2025-12-12 교육기간 신청일로부터 21 일 교육비 무료 교육시간 5 시간 00 분 신청인원/정원 1313 / 9999 명 사회복지인정시간 없음 교육장소 온라인 숙박여부 없음","교육구성(이러닝)에 관한 표로 차시, 차시명, 학습시간에 대한 내용을 담고있다. 차시 차시명 학습시간 1 가족상담의 개요 20분 10초 2 인간 발달단계의 이해 20분 58초 3 가계도 작성과 활용 16분 25초 4 해결중심 단기상담의 가정과 기본 원리 19분 37초 5 해결중심 단기상담자의 비언어적 자세 14분 39초 6 해결중심 단기상담자의 언어적 자세 20분 9초 7 해결중심 단기상담의 예외질문과 기적질문기법 16분 46초 8 해결중심 단기상담의 척도질문, 대처질문, 관계성질문기법 17분 26초 9 해결중심단기상담의 목표설정 23분 1초 10 해결중심단기상담의 적용 23분 57초","수료기준에 관한 표로 학습진도, 시험, 과제, 토론, 설문조사, 수료기준점수에 대한 내용을 담고있다. 학습진도 시험 과제 토론 설문조사 수료기준점수 100% 0점 0점 0점 미응시 100점이상","추천교육과정에 관한 표로 구분, 교육구분, 과정분류, 과정명, 신청기간, 교육기간에 대한 내용을 담고있다. 구분 교육구분 과정분류 과정명 신청기간 교육기간 추천 교육과정이 없습니다.",공무원+공무직+민간,1기,2025-02-03 ~ 2025-12-12,신청일로부터 21 일,무료,5 시간 00 분,1313 / 9999 명,없음,온라인,없음,"[{""제공받는 자"": ""국민건강보험공단"", ""제공목적"": ""요양보호사 보수교육 결과 관리"", ""제공항목"": ""교육생 성명, 교육일정,주민등록번호또는 외국인등록번호"", ""보유・이용기간"": ""교육종료연도다음해부터 3년""}]",1.0,55.0,100%,0점,0점,0점,미응시,100점이상,43.0,,,
공공복지업무 핵심만 콕! 읍면동복지매뉴얼,2025-09-25 21:07:10,성공,/data/upload/lca0000/2025/9/1/533a6d95-583b-434a-b5c4-036760a7d396.jpg,유료,이러닝,이러닝,복지행정,모집중,진행중,공무원,"PC, Mobile",있음,2025-09-01 ~ 2025-12-12,2025-09-01 ~ 2025-12-12,1시간 00분,2 / 99999 명,B2510387,251003174,공공복지업무핵심만콕!읍면동복지매뉴얼-공공부조,https://edu.kohi.or.kr/pt/pa/paa/BD_paa0010l.do#none,공공복지업무핵심만콕!읍면동복지매뉴얼-공공부조,사회복지직공무원을 위한 '공공복지업무 핵심만 콕! 읍면동 복지매뉴얼-공공부조'과정입니다.,"신청정보에 관한 표로 교육대상, 기수, 신청기간, 교육기간, 교육비, 교육시간, 신청인원/정원, 실습여부, 교육장소, 숙박여부에 대한 내용을 담고 있다. 교육대상 공무원 기수 1기 신청기간 2025-09-01 ~ 2025-12-12 교육기간 신청일로부터 21 일 교육비 유료 (5,000원) 교육시간 1 시간 00 분 신청인원/정원 2 / 99999 명 사회복지인정시간 1 시간 00 분 교육장소 온라인 숙박여부 없음","교육구성(이러닝)에 관한 표로 차시, 차시명, 학습시간에 대한 내용을 담고있다. 차시 차시명 학습시간 1 복지 상담, 이럴 땐 어떻게? - 국민기초생활보장사업 실무 A to Z 27분 1초 2 복지 상담, 애매할 땐 이렇게! - 긴급복지·차상위 실무 A to Z 25분 57초","수료기준에 관한 표로 학습진도, 시험, 과제, 토론, 설문조사, 수료기준점수에 대한 내용을 담고있다. 학습진도 시험 과제 토론 설문조사 수료기준점수 100% 0점 0점 0점 미응시 100점이상","추천교육과정에 관한 표로 구분, 교육구분, 과정분류, 과정명, 신청기간, 교육기간에 대한 내용을 담고있다. 구분 교육구분 과정분류 과정명 신청기간 교육기간 추천 교육과정이 없습니다.",공무원,1기,2025-09-01 ~ 2025-12-12,신청일로부터 21 일,"유료 (5,000원)",1 시간 00 분,2 / 99999 명,1 시간 00 분,온라인,없음,"[{""제공받는 자"": ""국민건강보험공단"", ""제공목적"": ""요양보호사 보수교육 결과 관리"", ""제공항목"": ""교육생 성명, 교육일정,주민등록번호또는 외국인등록번호"", ""보유・이용기간"": ""교육종료연도다음해부터 3년""}]",1.0,3.0,100%,0점,0점,0점,미응시,100점이상,43.0,,,
국민기초생활보장제도 바로알기(공통),2025-09-25 21:07:24,검색 결과 없음,,,,,,,,,,,,,,,,,,,,,,,,,,,,,,,,,,,,,,,,,,,,,,,
긴급지원담당공무원 교육,2025-09-25 21:07:40,성공,/data/upload/lca0000/2025/4/17/d4a56b84-bf64-4230-be1e-c3438ba0ac46.jpg,무료,이러닝,이러닝,복지행정,모집중,진행중,공무직+공무원,"PC, Mobile",,2025-04-17 ~ 2025-12-12,2025-04-17 ~ 2025-12-12,2시간 00분,2523 / 9999 명,B2030015,253002057,긴급지원담당공무원 교육(2025),https://edu.kohi.or.kr/pt/pa/paa/BD_paa0010l.do#none,긴급지원담당공무원 교육(2025),긴급복지지원담당공무원을 위한 실무 가이드! 긴급복지지원이 필요한 사람들에게 희망의 손을 내밀어 주세요!,"신청정보에 관한 표로 교육대상, 기수, 신청기간, 교육기간, 교육비, 교육시간, 신청인원/정원, 실습여부, 교육장소, 숙박여부에 대한 내용을 담고 있다. 교육대상 공무직+공무원 기수 2기 신청기간 2025-04-17 ~ 2025-12-12 교육기간 신청일로부터 21 일 교육비 무료 교육시간 2 시간 00 분 신청인원/정원 2523 / 9999 명 사회복지인정시간 2 시간 00 분 교육장소 온라인 숙박여부 없음","교육구성(이러닝)에 관한 표로 차시, 차시명, 학습시간에 대한 내용을 담고있다. 차시 차시명 학습시간 1 개요 및 정책 이해 27분 18초 2 긴급지원의 실시 28분 58초 3 사후조사 및 긴급지원대상자의 관리 26분 32초 4 긴급의료비지원의 이해 및 긴급복지지원 사례 32분 46초","수료기준에 관한 표로 학습진도, 시험, 과제, 토론, 설문조사, 수료기준점수에 대한 내용을 담고있다. 학습진도 시험 과제 토론 설문조사 수료기준점수 100% 0점 0점 0점 미응시 100점이상","추천교육과정에 관한 표로 구분, 교육구분, 과정분류, 과정명, 신청기간, 교육기간에 대한 내용을 담고있다. 구분 교육구분 과정분류 과정명 신청기간 교육기간 추천 교육과정이 없습니다.",공무직+공무원,2기,2025-04-17 ~ 2025-12-12,신청일로부터 21 일,무료,2 시간 00 분,2523 / 9999 명,2 시간 00 분,온라인,없음,"[{""제공받는 자"": ""국민건강보험공단"", ""제공목적"": ""요양보호사 보수교육 결과 관리"", ""제공항목"": ""교육생 성명, 교육일정,주민등록번호또는 외국인등록번호"", ""보유・이용기간"": ""교육종료연도다음해부터 3년""}]",1.0,10.0,100%,0점,0점,0점,미응시,100점이상,42.0,,,
메리토크라시 관점에서 본 복지와 철학,2025-09-25 21:07:53,성공,/data/upload/lca0000/2025/6/5/aa2ad95f-f3e5-4cfb-abe9-e8aee94bfb0f.png,무료,이러닝,이러닝,복지행정,모집중,진행중,공무원+공무직+민간,"PC, Mobile",있음,2025-02-03 ~ 2025-12-12,2025-02-03 ~ 2025-12-12,2시간 00분,126 / 999 명,B2030012,253000700,메리토크라시 관점에서 본 복지와 철학,https://edu.kohi.or.kr/pt/pa/paa/BD_paa0010l.do#none,메리토크라시 관점에서 본 복지와 철학,메리토크라시란 무엇인가? 복지국가로서의 메리토크라시에 대해 쉽게 배워봅시다.,"신청정보에 관한 표로 교육대상, 기수, 신청기간, 교육기간, 교육비, 교육시간, 신청인원/정원, 실습여부, 교육장소, 숙박여부에 대한 내용을 담고 있다. 교육대상 공무원+공무직+민간 기수 1기 신청기간 2025-02-03 ~ 2025-12-12 교육기간 신청일로부터 21 일 교육비 무료 교육시간 2 시간 00 분 신청인원/정원 126 / 999 명 사회복지인정시간 2 시간 00 분 교육장소 온라인 숙박여부 없음","교육구성(이러닝)에 관한 표로 차시, 차시명, 학습시간에 대한 내용을 담고있다. 차시 차시명 학습시간 1 복지와 정의 21분 8초 2 실질적 메리토크라시와 복지국가 24분 30초 3 복지국가, 메리토크라시를 넘어서 24분 38초","수료기준에 관한 표로 학습진도, 시험, 과제, 토론, 설문조사, 수료기준점수에 대한 내용을 담고있다. 학습진도 시험 과제 토론 설문조사 수료기준점수 100% 0점 0점 0점 미응시 100점이상","추천교육과정에 관한 표로 구분, 교육구분, 과정분류, 과정명, 신청기간, 교육기간에 대한 내용을 담고있다. 구분 교육구분 과정분류 과정명 신청기간 교육기간 추천 교육과정이 없습니다.",공무원+공무직+민간,1기,2025-02-03 ~ 2025-12-12,신청일로부터 21 일,무료,2 시간 00 분,126 / 999 명,2 시간 00 분,온라인,없음,"[{""제공받는 자"": ""국민건강보험공단"", ""제공목적"": ""요양보호사 보수교육 결과 관리"", ""제공항목"": ""교육생 성명, 교육일정,주민등록번호또는 외국인등록번호"", ""보유・이용기간"": ""교육종료연도다음해부터 3년""}]",1.0,6.0,100%,0점,0점,0점,미응시,100점이상,43.0,,,
보건복지 동행(with 명강사)-사례관리편,2025-09-25 21:08:06,검색 결과 없음,,,,,,,,,,,,,,,,,,,,,,,,,,,,,,,,,,,,,,,,,,,,,,,
보건복지 우수사례를 찾아서 -찾아가는 보건복지서비스편,2025-09-25 21:08:21,성공,/data/upload/lca0000/2025/6/10/0bcf4f08-213b-42a9-8a10-70ecc73486fa.png,무료,이러닝,이러닝,복지행정,모집중,진행중,공무원+공무직+민간,"PC, Mobile",있음,2025-02-03 ~ 2025-12-12,2025-02-03 ~ 2025-12-12,1시간 00분,6836 / 9999 명,B2330930,253000721,보건복지 우수사례를 찾아서 - 찾아가는 보건복지 서비스편,https://edu.kohi.or.kr/pt/pa/paa/BD_paa0010l.do#none,보건복지 우수사례를 찾아서 - 찾아가는 보건복지 서비스편,"∙ ‘찾아가는 보건복지서비스’우수기관을 KOHI가 대신 방문해 드립니다! 이번 시간에는 ‘찾아가는 보건복지서비스’에 대해 알아보고, 우수사례 기관인 대구달서구청의 우수사례에 대해 묻고 듣고 체험하는 시간을 가지겠습니다.","신청정보에 관한 표로 교육대상, 기수, 신청기간, 교육기간, 교육비, 교육시간, 신청인원/정원, 실습여부, 교육장소, 숙박여부에 대한 내용을 담고 있다. 교육대상 공무원+공무직+민간 기수 1기 신청기간 2025-02-03 ~ 2025-12-12 교육기간 신청일로부터 21 일 교육비 무료 교육시간 1 시간 00 분 신청인원/정원 6836 / 9999 명 사회복지인정시간 1 시간 00 분 교육장소 온라인 숙박여부 없음","교육구성(이러닝)에 관한 표로 차시, 차시명, 학습시간에 대한 내용을 담고있다. 차시 차시명 학습시간 1 찾아가는 보건복지 서비스 편 23분 25초 2 찾아가는 보건복지 서비스 편(대구 달서구) 20분 40초","수료기준에 관한 표로 학습진도, 시험, 과제, 토론, 설문조사, 수료기준점수에 대한 내용을 담고있다. 학습진도 시험 과제 토론 설문조사 수료기준점수 100% 0점 0점 0점 미응시 100점이상","추천교육과정에 관한 표로 구분, 교육구분, 과정분류, 과정명, 신청기간, 교육기간에 대한 내용을 담고있다. 구분 교육구분 과정분류 과정명 신청기간 교육기간 추천 교육과정이 없습니다.",공무원+공무직+민간,1기,2025-02-03 ~ 2025-12-12,신청일로부터 21 일,무료,1 시간 00 분,6836 / 9999 명,1 시간 00 분,온라인,없음,"[{""제공받는 자"": ""국민건강보험공단"", ""제공목적"": ""요양보호사 보수교육 결과 관리"", ""제공항목"": ""교육생 성명, 교육일정,주민등록번호또는 외국인등록번호"", ""보유・이용기간"": ""교육종료연도다음해부터 3년""}]",1.0,3.0,100%,0점,0점,0점,미응시,100점이상,43.0,,,
"복지 어벤져스, 우리가 간다",2025-09-25 21:08:34,성공,/data/upload/lca0000/2025/6/9/8f800826-25f9-4cbb-846d-fce0f84f7fe2.png,무료,이러닝,이러닝,복지행정,모집중,진행중,공무원+공무직+민간,"PC, Mobile",있음,2025-02-03 ~ 2025-12-12,2025-02-03 ~ 2025-12-12,2시간 00분,367 / 9999 명,B2330917,253000720,"복지 어벤져스, 우리가 간다",https://edu.kohi.or.kr/pt/pa/paa/BD_paa0010l.do#none,"복지 어벤져스, 우리가 간다","∙ 우리 동네 복지사각지대 발굴과 지원을 위해, 오늘도 우리 사회복지공무원은 준비 완료! <복지 어벤져스, 우리가 간다!>","신청정보에 관한 표로 교육대상, 기수, 신청기간, 교육기간, 교육비, 교육시간, 신청인원/정원, 실습여부, 교육장소, 숙박여부에 대한 내용을 담고 있다. 교육대상 공무원+공무직+민간 기수 1기 신청기간 2025-02-03 ~ 2025-12-12 교육기간 신청일로부터 21 일 교육비 무료 교육시간 2 시간 00 분 신청인원/정원 367 / 9999 명 사회복지인정시간 2 시간 00 분 교육장소 온라인 숙박여부 없음","교육구성(이러닝)에 관한 표로 차시, 차시명, 학습시간에 대한 내용을 담고있다. 차시 차시명 학습시간 1 특명! 사회복지공무원의 복지사각지대 적극 발굴 작전! 30분 6초 2 도전! 사례로 알아보는 우리 주민 적극 지원 작전! 26분 14초","수료기준에 관한 표로 학습진도, 시험, 과제, 토론, 설문조사, 수료기준점수에 대한 내용을 담고있다. 학습진도 시험 과제 토론 설문조사 수료기준점수 100% 0점 0점 0점 미응시 100점이상","추천교육과정에 관한 표로 구분, 교육구분, 과정분류, 과정명, 신청기간, 교육기간에 대한 내용을 담고있다. 구분 교육구분 과정분류 과정명 신청기간 교육기간 추천 교육과정이 없습니다.",공무원+공무직+민간,1기,2025-02-03 ~ 2025-12-12,신청일로부터 21 일,무료,2 시간 00 분,367 / 9999 명,2 시간 00 분,온라인,없음,"[{""제공받는 자"": ""국민건강보험공단"", ""제공목적"": ""요양보호사 보수교육 결과 관리"", ""제공항목"": ""교육생 성명, 교육일정,주민등록번호또는 외국인등록번호"", ""보유・이용기간"": ""교육종료연도다음해부터 3년""}]",1.0,3.0,100%,0점,0점,0점,미응시,100점이상,43.0,,,
사례관리실천 우수사례연구,2025-09-25 21:08:47,성공,/data/upload/lca0000/2025/6/5/0591118c-9e23-4f63-a624-33963ac4c934.png,무료,이러닝,이러닝,복지행정,모집중,진행중,공무원+공무직+민간,"PC, Mobile",있음,2025-02-03 ~ 2025-12-12,2025-02-03 ~ 2025-12-12,2시간 00분,535 / 9999 명,B2230008,253000719,사례관리실천 우수사례연구,https://edu.kohi.or.kr/pt/pa/paa/BD_paa0010l.do#none,사례관리실천 우수사례연구,· 실제 현장에서 진행된 우수사례를 통하여 사례관리실천 핵심과업을 이해한다. · 동료 사례관리자의 상호토의와 전문가 슈퍼비전을 통하여 사례관리실천의 암묵지를 획득한다.,"신청정보에 관한 표로 교육대상, 기수, 신청기간, 교육기간, 교육비, 교육시간, 신청인원/정원, 실습여부, 교육장소, 숙박여부에 대한 내용을 담고 있다. 교육대상 공무원+공무직+민간 기수 1기 신청기간 2025-02-03 ~ 2025-12-12 교육기간 신청일로부터 21 일 교육비 무료 교육시간 2 시간 00 분 신청인원/정원 535 / 9999 명 사회복지인정시간 2 시간 00 분 교육장소 온라인 숙박여부 없음","교육구성(이러닝)에 관한 표로 차시, 차시명, 학습시간에 대한 내용을 담고있다. 차시 차시명 학습시간 1 정신장애를 동반한 지적장애인의 역량강화 및 자립생활 이야기 - 우수사례발표 34분 22초 2 정신장애를 동반한 지적장애인의 역량강화 및 자립생활 이야기 - 슈퍼비전 34분 34초 3 아무도 찾아오지 않는 내게 사람이 찾아왔다 - 우수사례발표 30분 28초 4 아무도 찾아오지 않는 내게 사람이 찾아왔다 - 슈퍼비전 21분 15초","수료기준에 관한 표로 학습진도, 시험, 과제, 토론, 설문조사, 수료기준점수에 대한 내용을 담고있다. 학습진도 시험 과제 토론 설문조사 수료기준점수 100% 0점 0점 0점 미응시 100점이상","추천교육과정에 관한 표로 구분, 교육구분, 과정분류, 과정명, 신청기간, 교육기간에 대한 내용을 담고있다. 구분 교육구분 과정분류 과정명 신청기간 교육기간 추천 교육과정이 없습니다.",공무원+공무직+민간,1기,2025-02-03 ~ 2025-12-12,신청일로부터 21 일,무료,2 시간 00 분,535 / 9999 명,2 시간 00 분,온라인,없음,"[{""제공받는 자"": ""국민건강보험공단"", ""제공목적"": ""요양보호사 보수교육 결과 관리"", ""제공항목"": ""교육생 성명, 교육일정,주민등록번호또는 외국인등록번호"", ""보유・이용기간"": ""교육종료연도다음해부터 3년""}]",1.0,10.0,100%,0점,0점,0점,미응시,100점이상,43.0,,,
쉽게 이해하는 기초생활보장제도,2025-09-25 21:09:00,성공,/data/upload/lca0000/2025/6/5/cb2704de-d4aa-4630-9ef6-31a1c180f88b.png,무료,이러닝,이러닝,복지행정,모집중,진행중,공무원+민간,"PC, Mobile",있음,2025-02-03 ~ 2025-12-12,2025-02-03 ~ 2025-12-12,1시간 00분,473 / 9999 명,B2130790,253000708,쉽게 이해하는 기초생활보장제도,https://edu.kohi.or.kr/pt/pa/paa/BD_paa0010l.do#none,쉽게 이해하는 기초생활보장제도,∙ 공무원들의 대화를 통해 알기 쉽게 풀이한 기초생활보장제도의 모든 것! - 우리나라엔 소득 수준이 낮아 생활이 어려운 계층의 최저 생활을 보장·지원하는 국민기초생활보장제도가 있습니다. 그렇지만 지원 대상자가 되기 위해 무엇이 필요하고 어떤 원리에서 운영되는지 알기가 쉽지 않습니다. - 본 이러닝은 이런 어려움을 해소하기 위해 제작되었습니다. 아무리 좋은 제도도 이해하기 어렵다면 무용지물! 현직 복지공무원의 모든 노하우가 담긴 이러닝을 통해 기초생활보장제도를 정복하자.,"신청정보에 관한 표로 교육대상, 기수, 신청기간, 교육기간, 교육비, 교육시간, 신청인원/정원, 실습여부, 교육장소, 숙박여부에 대한 내용을 담고 있다. 교육대상 공무원+민간 기수 1기 신청기간 2025-02-03 ~ 2025-12-12 교육기간 신청일로부터 21 일 교육비 무료 교육시간 1 시간 00 분 신청인원/정원 473 / 9999 명 사회복지인정시간 1 시간 00 분 교육장소 온라인 숙박여부 없음","교육구성(이러닝)에 관한 표로 차시, 차시명, 학습시간에 대한 내용을 담고있다. 차시 차시명 학습시간 1 보장가구 구성 이해하기 27분 27초 2 소득인정액 뜯어보기 36분 59초","수료기준에 관한 표로 학습진도, 시험, 과제, 토론, 설문조사, 수료기준점수에 대한 내용을 담고있다. 학습진도 시험 과제 토론 설문조사 수료기준점수 100% 0점 0점 0점 미응시 100점이상","추천교육과정에 관한 표로 구분, 교육구분, 과정분류, 과정명, 신청기간, 교육기간에 대한 내용을 담고있다. 구분 교육구분 과정분류 과정명 신청기간 교육기간 추천 교육과정이 없습니다.",공무원+민간,1기,2025-02-03 ~ 2025-12-12,신청일로부터 21 일,무료,1 시간 00 분,473 / 9999 명,1 시간 00 분,온라인,없음,"[{""제공받는 자"": ""국민건강보험공단"", ""제공목적"": ""요양보호사 보수교육 결과 관리"", ""제공항목"": ""교육생 성명, 교육일정,주민등록번호또는 외국인등록번호"", ""보유・이용기간"": ""교육종료연도다음해부터 3년""}]",1.0,3.0,100%,0점,0점,0점,미응시,100점이상,43.0,,,
쉽게 이해하는 기초연금사업,2025-09-25 21:09:13,성공,/data/upload/lca0000/2025/4/23/77fdec01-1a57-416d-8f7b-1f1baabcb45e.png,무료,이러닝,이러닝,복지행정,모집중,진행중,공무원+민간,"PC, Mobile",,2025-04-25 ~ 2025-12-12,2025-04-25 ~ 2025-12-12,2시간 00분,667 / 999 명,B2230686,253002098,쉽게 이해하는 기초연금사업,https://edu.kohi.or.kr/pt/pa/paa/BD_paa0010l.do#none,쉽게 이해하는 기초연금사업,지자체 기초연금 업무 담당 공무원 및 유관기관 민간인력(국민연금공단) 등을 대상으로 하는 기초연금사업 기본교육 (2025년 사업안내 기준),"신청정보에 관한 표로 교육대상, 기수, 신청기간, 교육기간, 교육비, 교육시간, 신청인원/정원, 실습여부, 교육장소, 숙박여부에 대한 내용을 담고 있다. 교육대상 공무원+민간 기수 2기 신청기간 2025-04-25 ~ 2025-12-12 교육기간 신청일로부터 21 일 교육비 무료 교육시간 2 시간 00 분 신청인원/정원 667 / 999 명 사회복지인정시간 2 시간 00 분 교육장소 온라인 숙박여부 없음","교육구성(이러닝)에 관한 표로 차시, 차시명, 학습시간에 대한 내용을 담고있다. 차시 차시명 학습시간 1 기초연금 제도 및 배경이해 26분 55초 2 공무원이 알아야 할 기초연금 세부지침 32분 13초 3 기초연금 현장 사례 34분 49초","수료기준에 관한 표로 학습진도, 시험, 과제, 토론, 설문조사, 수료기준점수에 대한 내용을 담고있다. 학습진도 시험 과제 토론 설문조사 수료기준점수 100% 0점 0점 0점 미응시 100점이상","추천교육과정에 관한 표로 구분, 교육구분, 과정분류, 과정명, 신청기간, 교육기간에 대한 내용을 담고있다. 구분 교육구분 과정분류 과정명 신청기간 교육기간 추천 교육과정이 없습니다.",공무원+민간,2기,2025-04-25 ~ 2025-12-12,신청일로부터 21 일,무료,2 시간 00 분,667 / 999 명,2 시간 00 분,온라인,없음,"[{""제공받는 자"": ""국민건강보험공단"", ""제공목적"": ""요양보호사 보수교육 결과 관리"", ""제공항목"": ""교육생 성명, 교육일정,주민등록번호또는 외국인등록번호"", ""보유・이용기간"": ""교육종료연도다음해부터 3년""}]",1.0,6.0,100%,0점,0점,0점,미응시,100점이상,42.0,,,
우수사례로 보는 사례관리실천,2025-09-25 21:09:26,성공,/data/upload/lca0000/2025/1/22/0c32e8fe-4004-4639-9bbd-408f05ce0770.png,무료,이러닝,이러닝,복지행정,모집중,진행중,공무원+공무직+민간,"PC, Mobile",있음,2025-02-03 ~ 2025-12-12,2025-02-03 ~ 2025-12-12,5시간 00분,1254 / 9999 명,B2030921,253000707,우수사례로 보는 사례관리실천,https://edu.kohi.or.kr/pt/pa/paa/BD_paa0010l.do#none,우수사례로 보는 사례관리실천,"∙ 사례관리 담당자(공무원, 민간), 사례관리실천 이해가 필요한 일반인(대학생)을 위한 사례관리실천 입문과정입니다. ∙ 사례관리 우수사례들을 통해 현장에서의 사례관리실천 방향을 알려줍니다. ∙ 실제 사례를 사례관리 단계별로 학습하면서 핵심과업과 가치를 습득할 수 있습니다.","신청정보에 관한 표로 교육대상, 기수, 신청기간, 교육기간, 교육비, 교육시간, 신청인원/정원, 실습여부, 교육장소, 숙박여부에 대한 내용을 담고 있다. 교육대상 공무원+공무직+민간 기수 1기 신청기간 2025-02-03 ~ 2025-12-12 교육기간 신청일로부터 21 일 교육비 무료 교육시간 5 시간 00 분 신청인원/정원 1254 / 9999 명 사회복지인정시간 5 시간 00 분 교육장소 온라인 숙박여부 없음","교육구성(이러닝)에 관한 표로 차시, 차시명, 학습시간에 대한 내용을 담고있다. 차시 차시명 학습시간 1 사례관리의 개념과 실천 27분 58초 2 경제적 무능력과 정신건강의 위험으로 아동학대 신고된 다자녀 사실혼부부 27분 48초 3 치매가 시작된 홀로 사는 여성 빈곤노인 26분 15초 4 장애가 있는, 아버지가 다른 두 자녀를 키우는 한부모가구 29분 7초 5 지적장애인 성매매 피해여성 19분 59초 6 선천성 척추기형을 가진 영아 자녀를 키우며 주거가 불안정한 만성질환 부모 26분 38초 7 이혼 이후 알코올에 의존하는 만성질환 63세 독거 남성 26분 29초 8 장기결석으로 인해 안전 확인이 필요한 은둔형 남매 26분 20초 9 남편의 연락두절과 빚으로 인해 해체위기에 놓인 가정 28분 15초","수료기준에 관한 표로 학습진도, 시험, 과제, 토론, 설문조사, 수료기준점수에 대한 내용을 담고있다. 학습진도 시험 과제 토론 설문조사 수료기준점수 100% 0점 0점 0점 미응시 100점이상","추천교육과정에 관한 표로 구분, 교육구분, 과정분류, 과정명, 신청기간, 교육기간에 대한 내용을 담고있다. 구분 교육구분 과정분류 과정명 신청기간 교육기간 추천 교육과정이 없습니다.",공무원+공무직+민간,1기,2025-02-03 ~ 2025-12-12,신청일로부터 21 일,무료,5 시간 00 분,1254 / 9999 명,5 시간 00 분,온라인,없음,"[{""제공받는 자"": ""국민건강보험공단"", ""제공목적"": ""요양보호사 보수교육 결과 관리"", ""제공항목"": ""교육생 성명, 교육일정,주민등록번호또는 외국인등록번호"", ""보유・이용기간"": ""교육종료연도다음해부터 3년""}]",1.0,45.0,100%,0점,0점,0점,미응시,100점이상,43.0,,,
위기임신 보호출산제도의 이해,2025-09-25 21:09:40,성공,/data/upload/lca0000/2025/1/22/25bed23f-501e-40b3-8ab8-f7276b13dc66.png,무료,이러닝,이러닝,복지행정,모집중,진행중,공무원+공무직+민간,"PC, Mobile",있음,2025-01-13 ~ 2025-12-12,2025-01-13 ~ 2025-12-12,2시간 00분,954 / 999 명,B2410039,251000372,위기임신보호출산제도의이해,https://edu.kohi.or.kr/pt/pa/paa/BD_paa0010l.do#none,위기임신보호출산제도의이해,아동과 산모를 지키기 위한 위기임신보호출산제도에 대해 다함께 알아봅시다.,"신청정보에 관한 표로 교육대상, 기수, 신청기간, 교육기간, 교육비, 교육시간, 신청인원/정원, 실습여부, 교육장소, 숙박여부에 대한 내용을 담고 있다. 교육대상 공무원+공무직+민간 기수 1기 신청기간 2025-01-13 ~ 2025-12-12 교육기간 신청일로부터 21 일 교육비 무료 교육시간 2 시간 00 분 신청인원/정원 954 / 999 명 사회복지인정시간 2 시간 00 분 교육장소 온라인 숙박여부 없음","교육구성(이러닝)에 관한 표로 차시, 차시명, 학습시간에 대한 내용을 담고있다. 차시 차시명 학습시간 1 위기임산부지원 정책과 제도 42분 11초 2 위기임산부의 권리와 욕구, 특성 37분 47초 3 위기임산부지원 가이드 58분 6초","수료기준에 관한 표로 학습진도, 시험, 과제, 토론, 설문조사, 수료기준점수에 대한 내용을 담고있다. 학습진도 시험 과제 토론 설문조사 수료기준점수 100% 0점 0점 0점 미응시 100점이상","추천교육과정에 관한 표로 구분, 교육구분, 과정분류, 과정명, 신청기간, 교육기간에 대한 내용을 담고있다. 구분 교육구분 과정분류 과정명 신청기간 교육기간 추천 교육과정이 없습니다.",공무원+공무직+민간,1기,2025-01-13 ~ 2025-12-12,신청일로부터 21 일,무료,2 시간 00 분,954 / 999 명,2 시간 00 분,온라인,없음,"[{""제공받는 자"": ""국민건강보험공단"", ""제공목적"": ""요양보호사 보수교육 결과 관리"", ""제공항목"": ""교육생 성명, 교육일정,주민등록번호또는 외국인등록번호"", ""보유・이용기간"": ""교육종료연도다음해부터 3년""}]",1.0,6.0,100%,0점,0점,0점,미응시,100점이상,43.0,,,
"주민과 함께 걷는 길, 사례관리",2025-09-25 21:09:54,성공,/data/upload/lca0000/2025/1/22/43e0168d-3094-4a68-b3f3-45333ed56d33.png,무료,이러닝,이러닝,복지행정,모집중,진행중,공무원+공무직+민간,"PC, Mobile",있음,2025-01-13 ~ 2025-12-12,2025-01-13 ~ 2025-12-12,1시간 00분,1802 / 9999 명,B2410038,251000371,"주민과함께걷는길,사례관리",https://edu.kohi.or.kr/pt/pa/paa/BD_paa0040d.do,"주민과함께걷는길,사례관리",본 교육을 통해 주민을 위한 사례관리를 함께 실천해봅시다.,"신청정보에 관한 표로 교육대상, 기수, 신청기간, 교육기간, 교육비, 교육시간, 신청인원/정원, 실습여부, 교육장소, 숙박여부에 대한 내용을 담고 있다. 교육대상 공무원+공무직+민간 기수 1기 신청기간 2025-01-13 ~ 2025-12-12 교육기간 신청일로부터 21 일 교육비 무료 교육시간 1 시간 00 분 신청인원/정원 1802 / 9999 명 사회복지인정시간 1 시간 00 분 교육장소 온라인 숙박여부 없음","교육구성(이러닝)에 관한 표로 차시, 차시명, 학습시간에 대한 내용을 담고있다. 차시 차시명 학습시간 1 클라이언트 중심 지역사회기반 사례관리의 이해 29분 48초 2 사례관리 실천 우수사례 공유 20분 51초","수료기준에 관한 표로 학습진도, 시험, 과제, 토론, 설문조사, 수료기준점수에 대한 내용을 담고있다. 학습진도 시험 과제 토론 설문조사 수료기준점수 100% 0점 0점 0점 미응시 100점이상","추천교육과정에 관한 표로 구분, 교육구분, 과정분류, 과정명, 신청기간, 교육기간에 대한 내용을 담고있다. 구분 교육구분 과정분류 과정명 신청기간 교육기간 추천 교육과정이 없습니다.",공무원+공무직+민간,1기,2025-01-13 ~ 2025-12-12,신청일로부터 21 일,무료,1 시간 00 분,1802 / 9999 명,1 시간 00 분,온라인,없음,"[{""제공받는 자"": ""국민건강보험공단"", ""제공목적"": ""요양보호사 보수교육 결과 관리"", ""제공항목"": ""교육생 성명, 교육일정,주민등록번호또는 외국인등록번호"", ""보유・이용기간"": ""교육종료연도다음해부터 3년""}]",1.0,3.0,100%,0점,0점,0점,미응시,100점이상,43.0,,,
지역복지리더 양성을 위한 업무가이드,2025-09-25 21:10:07,성공,/data/upload/lca0000/2025/6/5/5c87f8b2-b7ca-4687-85f3-8f0f602b2e45.png,무료,이러닝,이러닝,복지행정,모집중,진행중,공무원,"PC, Mobile",,2025-02-03 ~ 2025-12-12,2025-02-03 ~ 2025-12-12,1시간 00분,159 / 999 명,B2230256,253000724,지역복지리더양성을 위한 업무가이드,https://edu.kohi.or.kr/pt/pa/paa/BD_paa0010l.do#none,지역복지리더양성을 위한 업무가이드,∙ 읍·면·동 지역사회보장협의체의 역할 수행을 위한 지원활동 ∙ 읍·면·동 지역사회보장협의체의 활성화를 위한 지원활동,"신청정보에 관한 표로 교육대상, 기수, 신청기간, 교육기간, 교육비, 교육시간, 신청인원/정원, 실습여부, 교육장소, 숙박여부에 대한 내용을 담고 있다. 교육대상 공무원 기수 1기 신청기간 2025-02-03 ~ 2025-12-12 교육기간 신청일로부터 21 일 교육비 무료 교육시간 1 시간 00 분 신청인원/정원 159 / 999 명 사회복지인정시간 1 시간 00 분 교육장소 온라인 숙박여부 없음","교육구성(이러닝)에 관한 표로 차시, 차시명, 학습시간에 대한 내용을 담고있다. 차시 차시명 학습시간 1 지역복지리더의 이해와 읍·면·동 지역사회보장협의체의 초기 운영 지원활동 24분 31초 2 읍면동 지역사회보장협의체의 역할 수행과 활성화를 위한 지원활동 24분 29초","수료기준에 관한 표로 학습진도, 시험, 과제, 토론, 설문조사, 수료기준점수에 대한 내용을 담고있다. 학습진도 시험 과제 토론 설문조사 수료기준점수 100% 0점 0점 0점 미응시 100점이상","추천교육과정에 관한 표로 구분, 교육구분, 과정분류, 과정명, 신청기간, 교육기간에 대한 내용을 담고있다. 구분 교육구분 과정분류 과정명 신청기간 교육기간 추천 교육과정이 없습니다.",공무원,1기,2025-02-03 ~ 2025-12-12,신청일로부터 21 일,무료,1 시간 00 분,159 / 999 명,1 시간 00 분,온라인,없음,"[{""제공받는 자"": ""국민건강보험공단"", ""제공목적"": ""요양보호사 보수교육 결과 관리"", ""제공항목"": ""교육생 성명, 교육일정,주민등록번호또는 외국인등록번호"", ""보유・이용기간"": ""교육종료연도다음해부터 3년""}]",1.0,3.0,100%,0점,0점,0점,미응시,100점이상,42.0,,,
키워드로 보는 사회복지현장,2025-09-25 21:10:19,성공,/data/upload/lca0000/2025/6/5/647716fb-2fed-4ffa-98c8-41a115c53bc7.png,무료,이러닝,이러닝,복지행정,모집중,진행중,공무원+공무직+민간,"PC, Mobile",,2025-02-03 ~ 2025-12-12,2025-02-03 ~ 2025-12-12,4시간 00분,1226 / 9999 명,B2030890,253000706,키워드로보는사회복지현장,https://edu.kohi.or.kr/pt/pa/paa/BD_paa0010l.do#none,키워드로보는사회복지현장,주요 키워드를 통해 분야별 직무지식을 습득할 수 있다.,"신청정보에 관한 표로 교육대상, 기수, 신청기간, 교육기간, 교육비, 교육시간, 신청인원/정원, 실습여부, 교육장소, 숙박여부에 대한 내용을 담고 있다. 교육대상 공무원+공무직+민간 기수 1기 신청기간 2025-02-03 ~ 2025-12-12 교육기간 신청일로부터 21 일 교육비 무료 교육시간 4 시간 00 분 신청인원/정원 1226 / 9999 명 사회복지인정시간 4 시간 00 분 교육장소 온라인 숙박여부 없음","교육구성(이러닝)에 관한 표로 차시, 차시명, 학습시간에 대한 내용을 담고있다. 차시 차시명 학습시간 1 복지행정1 34분 2초 2 복지행정2 35분 26초 3 아동복지1 30분 22초 4 아동복지2 38분 0초 5 노인복지1 37분 9초 6 노인복지2 34분 53초 7 사례관리1 42분 44초 8 사례관리2 40분 54초","수료기준에 관한 표로 학습진도, 시험, 과제, 토론, 설문조사, 수료기준점수에 대한 내용을 담고있다. 학습진도 시험 과제 토론 설문조사 수료기준점수 100% 0점 0점 0점 미응시 100점이상","추천교육과정에 관한 표로 구분, 교육구분, 과정분류, 과정명, 신청기간, 교육기간에 대한 내용을 담고있다. 구분 교육구분 과정분류 과정명 신청기간 교육기간 추천 교육과정이 없습니다.",공무원+공무직+민간,1기,2025-02-03 ~ 2025-12-12,신청일로부터 21 일,무료,4 시간 00 분,1226 / 9999 명,4 시간 00 분,온라인,없음,"[{""제공받는 자"": ""국민건강보험공단"", ""제공목적"": ""요양보호사 보수교육 결과 관리"", ""제공항목"": ""교육생 성명, 교육일정,주민등록번호또는 외국인등록번호"", ""보유・이용기간"": ""교육종료연도다음해부터 3년""}]",1.0,36.0,100%,0점,0점,0점,미응시,100점이상,42.0,,,
통합사례관리 기록가이드,2025-09-25 21:10:32,검색 결과 없음,,,,,,,,,,,,,,,,,,,,,,,,,,,,,,,,,,,,,,,,,,,,,,,
핵심만 콕! 지역사회보장계획,2025-09-25 21:10:48,성공,/data/upload/lca0000/2025/6/5/58e8c580-7cfe-4508-bd73-29aeadcbae56.png,무료,이러닝,이러닝,복지행정,모집중,진행중,공무원+민간,"PC, Mobile",,2025-02-03 ~ 2025-12-12,2025-02-03 ~ 2025-12-12,2시간 00분,453 / 999 명,B2230685,253000725,핵심만 콕! 지역사회보장계획,https://edu.kohi.or.kr/pt/pa/paa/BD_paa0010l.do#none,핵심만 콕! 지역사회보장계획,∙ 지역사회보장계획의 이해 ∙ 지역사회보장계획의 좌표 ∙ 지역사회보장계획의 과제 ∙ 모니터링의 개념과 역할 ∙ 이행점검 모니터링의 효과적 수행방안 ∙ 결과확인 모니터링의 효과적 수행방안,"신청정보에 관한 표로 교육대상, 기수, 신청기간, 교육기간, 교육비, 교육시간, 신청인원/정원, 실습여부, 교육장소, 숙박여부에 대한 내용을 담고 있다. 교육대상 공무원+민간 기수 1기 신청기간 2025-02-03 ~ 2025-12-12 교육기간 신청일로부터 21 일 교육비 무료 교육시간 2 시간 00 분 신청인원/정원 453 / 999 명 사회복지인정시간 2 시간 00 분 교육장소 온라인 숙박여부 없음","교육구성(이러닝)에 관한 표로 차시, 차시명, 학습시간에 대한 내용을 담고있다. 차시 차시명 학습시간 1 지역사회보장계획의 이해 26분 53초 2 모니터링 강화 방안 19분 40초 3 성과지표의 설정 및 관리 27분 13초","수료기준에 관한 표로 학습진도, 시험, 과제, 토론, 설문조사, 수료기준점수에 대한 내용을 담고있다. 학습진도 시험 과제 토론 설문조사 수료기준점수 100% 0점 0점 0점 미응시 100점이상","추천교육과정에 관한 표로 구분, 교육구분, 과정분류, 과정명, 신청기간, 교육기간에 대한 내용을 담고있다. 구분 교육구분 과정분류 과정명 신청기간 교육기간 추천 교육과정이 없습니다.",공무원+민간,1기,2025-02-03 ~ 2025-12-12,신청일로부터 21 일,무료,2 시간 00 분,453 / 999 명,2 시간 00 분,온라인,없음,"[{""제공받는 자"": ""국민건강보험공단"", ""제공목적"": ""요양보호사 보수교육 결과 관리"", ""제공항목"": ""교육생 성명, 교육일정,주민등록번호또는 외국인등록번호"", ""보유・이용기간"": ""교육종료연도다음해부터 3년""}]",1.0,6.0,100%,0점,0점,0점,미응시,100점이상,42.0,,,
"사회복지시설안전관리,이것만알면끝!",2025-09-25 21:11:01,성공,/data/upload/lca0000/2025/9/1/c25f21f2-9b55-45da-9ecd-53e5396629f2.png,유료,이러닝,이러닝,사회서비스,모집중,진행중,공무원+공무직+민간,"PC, Mobile",있음,2025-01-13 ~ 2025-12-12,2025-01-13 ~ 2025-12-12,2시간 00분,1154 / 999999 명,B2410769,251000276,"사회복지시설안전관리,이것만알면끝!",https://edu.kohi.or.kr/pt/pa/paa/BD_paa0010l.do#none,"사회복지시설안전관리,이것만알면끝!",사회복지시설 종사자를 위한 안전관리 교육입니다.,"신청정보에 관한 표로 교육대상, 기수, 신청기간, 교육기간, 교육비, 교육시간, 신청인원/정원, 실습여부, 교육장소, 숙박여부에 대한 내용을 담고 있다. 교육대상 공무원+공무직+민간 기수 1기 신청기간 2025-01-13 ~ 2025-12-12 교육기간 신청일로부터 21 일 교육비 유료 (10,000원) 교육시간 2 시간 00 분 신청인원/정원 1154 / 999999 명 사회복지인정시간 2 시간 00 분 교육장소 온라인 숙박여부 없음","교육구성(이러닝)에 관한 표로 차시, 차시명, 학습시간에 대한 내용을 담고있다. 차시 차시명 학습시간 1 안전관리 제도의 이해 34분 20초 2 재난 유형 및 유관기관 협업체계와 시설 내 대응체계 37분 37초 3 사회복지시설 화재 대처 방법 38분 11초 4 안전관리계획을 위한 소방계획서 작성 32분 51초","수료기준에 관한 표로 학습진도, 시험, 과제, 토론, 설문조사, 수료기준점수에 대한 내용을 담고있다. 학습진도 시험 과제 토론 설문조사 수료기준점수 100% 0점 0점 0점 미응시 100점이상","추천교육과정에 관한 표로 구분, 교육구분, 과정분류, 과정명, 신청기간, 교육기간에 대한 내용을 담고있다. 구분 교육구분 과정분류 과정명 신청기간 교육기간 추천 교육과정이 없습니다.",공무원+공무직+민간,1기,2025-01-13 ~ 2025-12-12,신청일로부터 21 일,"유료 (10,000원)",2 시간 00 분,1154 / 999999 명,2 시간 00 분,온라인,없음,"[{""제공받는 자"": ""국민건강보험공단"", ""제공목적"": ""요양보호사 보수교육 결과 관리"", ""제공항목"": ""교육생 성명, 교육일정,주민등록번호또는 외국인등록번호"", ""보유・이용기간"": ""교육종료연도다음해부터 3년""}]",1.0,10.0,100%,0점,0점,0점,미응시,100점이상,43.0,,,
노인상담사례관리기본과정,2025-09-25 21:11:14,검색 결과 없음,,,,,,,,,,,,,,,,,,,,,,,,,,,,,,,,,,,,,,,,,,,,,,,
"노인인권, 마음의온도를더하다",2025-09-25 21:11:31,검색 결과 없음,,,,,,,,,,,,,,,,,,,,,,,,,,,,,,,,,,,,,,,,,,,,,,,
노인학대신고의무자(2025년노인학대신고의무자교육),2025-09-25 21:11:46,검색 결과 없음,,,,,,,,,,,,,,,,,,,,,,,,,,,,,,,,,,,,,,,,,,,,,,,
보건복지동행(with명강사)_노인복지편,2025-09-25 21:12:01,성공,/data/upload/lca0000/2025/6/5/be2e7218-c972-4a73-96c0-16e251ce6612.png,무료,이러닝,이러닝,노인복지,모집중,진행중,공무원+공무직+민간,"PC, Mobile, 수어지원",있음,2025-02-03 ~ 2025-12-12,2025-02-03 ~ 2025-12-12,1시간 00분,500 / 500 명,B2130792,253000551,보건복지 동행(with 명강사)_노인복지편,https://edu.kohi.or.kr/pt/pa/paa/BD_paa0010l.do#none,보건복지 동행(with 명강사)_노인복지편,"온라인 명강사가 새롭게 돌아왔다! 진로를 고민하는 학생부터 취업준비생, 직장인, 전국에 계신 국민들 모두 집중! 궁금했지만 알려주는 사람 없던 보건복지 현장 이야기 지금 시작합니다!","신청정보에 관한 표로 교육대상, 기수, 신청기간, 교육기간, 교육비, 교육시간, 신청인원/정원, 실습여부, 교육장소, 숙박여부에 대한 내용을 담고 있다. 교육대상 공무원+공무직+민간 기수 1기 신청기간 2025-02-03 ~ 2025-12-12 교육기간 신청일로부터 21 일 교육비 무료 교육시간 1 시간 00 분 신청인원/정원 500 / 500 명 사회복지인정시간 1 시간 00 분 교육장소 온라인 숙박여부 없음","교육구성(이러닝)에 관한 표로 차시, 차시명, 학습시간에 대한 내용을 담고있다. 차시 차시명 학습시간 1 치매예방과 인지기능 강화를 위한 노인인지활동책놀이 29분 18초 2 동행, 돌봄을 바꾸다 15분 54초","수료기준에 관한 표로 학습진도, 시험, 과제, 토론, 설문조사, 수료기준점수에 대한 내용을 담고있다. 학습진도 시험 과제 토론 설문조사 수료기준점수 100% 0점 0점 0점 미응시 100점이상","추천교육과정에 관한 표로 구분, 교육구분, 과정분류, 과정명, 신청기간, 교육기간에 대한 내용을 담고있다. 구분 교육구분 과정분류 과정명 신청기간 교육기간 추천 교육과정이 없습니다.",공무원+공무직+민간,1기,2025-02-03 ~ 2025-12-12,신청일로부터 21 일,무료,1 시간 00 분,500 / 500 명,1 시간 00 분,온라인,없음,"[{""제공받는 자"": ""국민건강보험공단"", ""제공목적"": ""요양보호사 보수교육 결과 관리"", ""제공항목"": ""교육생 성명, 교육일정,주민등록번호또는 외국인등록번호"", ""보유・이용기간"": ""교육종료연도다음해부터 3년""}]",1.0,3.0,100%,0점,0점,0점,미응시,100점이상,43.0,,,
요양보호사보수교육(온라인),2025-09-25 21:12:15,검색 결과 없음,,,,,,,,,,,,,,,,,,,,,,,,,,,,,,,,,,,,,,,,,,,,,,,
치매전문교육(요양보호사과정),2025-09-25 21:12:30,검색 결과 없음,,,,,,,,,,,,,,,,,,,,,,,,,,,,,,,,,,,,,,,,,,,,,,,
치매전문교육(프로그램관리자과목),2025-09-25 21:12:45,검색 결과 없음,,,,,,,,,,,,,,,,,,,,,,,,,,,,,,,,,,,,,,,,,,,,,,,
"미래사회, 장애인지원의다방면실천과전략",2025-09-25 21:13:00,성공,/data/upload/lca0000/2025/6/9/02d71c74-98f5-43ef-a40e-50a71da8ff4a.png,무료,이러닝,이러닝,장애인복지,모집중,진행중,공무원+공무직+민간,"PC, Mobile, 수어지원",있음,2025-02-03 ~ 2025-12-12,2025-02-03 ~ 2025-12-12,2시간 00분,305 / 999999 명,B2330017,253000543,"미래사회, 장애인지원의 다방면실천과 전략",https://edu.kohi.or.kr/pt/pa/paa/BD_paa0010l.do#none,"미래사회, 장애인지원의 다방면실천과 전략","∙ 코로나 팬데믹으로 시작된 장애인복지 디지털 실천, 미래사회의 디지털 실천의 방향과 현장에서의 활용 사례를 알아봅시다.","신청정보에 관한 표로 교육대상, 기수, 신청기간, 교육기간, 교육비, 교육시간, 신청인원/정원, 실습여부, 교육장소, 숙박여부에 대한 내용을 담고 있다. 교육대상 공무원+공무직+민간 기수 1기 신청기간 2025-02-03 ~ 2025-12-12 교육기간 신청일로부터 21 일 교육비 무료 교육시간 2 시간 00 분 신청인원/정원 305 / 999999 명 사회복지인정시간 2 시간 00 분 교육장소 온라인 숙박여부 없음","교육구성(이러닝)에 관한 표로 차시, 차시명, 학습시간에 대한 내용을 담고있다. 차시 차시명 학습시간 1 장애인 다방면 실천 : 디지털 실천의 이해 35분 5초 2 디지털 실천 : 뉴미디어 기반 지원 32분 41초 3 디지털 실천 : 메타버스 기반 지원 32분 31초 4 디지털 실천 : ICT 기반 지원 25분 33초","수료기준에 관한 표로 학습진도, 시험, 과제, 토론, 설문조사, 수료기준점수에 대한 내용을 담고있다. 학습진도 시험 과제 토론 설문조사 수료기준점수 100% 0점 0점 0점 미응시 100점이상","추천교육과정에 관한 표로 구분, 교육구분, 과정분류, 과정명, 신청기간, 교육기간에 대한 내용을 담고있다. 구분 교육구분 과정분류 과정명 신청기간 교육기간 추천 교육과정이 없습니다.",공무원+공무직+민간,1기,2025-02-03 ~ 2025-12-12,신청일로부터 21 일,무료,2 시간 00 분,305 / 999999 명,2 시간 00 분,온라인,없음,"[{""제공받는 자"": ""국민건강보험공단"", ""제공목적"": ""요양보호사 보수교육 결과 관리"", ""제공항목"": ""교육생 성명, 교육일정,주민등록번호또는 외국인등록번호"", ""보유・이용기간"": ""교육종료연도다음해부터 3년""}]",1.0,10.0,100%,0점,0점,0점,미응시,100점이상,43.0,,,
발달장애인가족에대한이해,2025-09-25 21:13:13,성공,/data/upload/lca0000/2025/6/4/48aed6fa-f86c-4f13-a06f-877c6b829eb7.png,무료,이러닝,이러닝,장애인복지,모집중,진행중,공무원+공무직+민간,"PC, Mobile",,2025-02-03 ~ 2025-12-12,2025-02-03 ~ 2025-12-12,3시간 00분,1057 / 999999 명,B2030011,253000553,발달장애인 가족에 대한 이해,https://edu.kohi.or.kr/pt/pa/paa/BD_paa0010l.do#none,발달장애인 가족에 대한 이해,발달장애인 주간활동 서비스 제공인력의 발달장애인 가족에 대한 이해도를 높힐 수 있습니다.,"신청정보에 관한 표로 교육대상, 기수, 신청기간, 교육기간, 교육비, 교육시간, 신청인원/정원, 실습여부, 교육장소, 숙박여부에 대한 내용을 담고 있다. 교육대상 공무원+공무직+민간 기수 1기 신청기간 2025-02-03 ~ 2025-12-12 교육기간 신청일로부터 21 일 교육비 무료 교육시간 3 시간 00 분 신청인원/정원 1057 / 999999 명 사회복지인정시간 3 시간 00 분 교육장소 온라인 숙박여부 없음","교육구성(이러닝)에 관한 표로 차시, 차시명, 학습시간에 대한 내용을 담고있다. 차시 차시명 학습시간 1 발달장애인 돌봄과 가족 24분 49초 2 가족체계에 대한 이해 22분 42초 3 장애인 가족에 대한 다층적 이해와 발달장애인 가족에 대한 관점 23분 35초 4 발달장애인 가족의 특성과 욕구(1) 29분 22초 5 발달장애인 가족의 특성과 욕구(2) 19분 24초 6 발달장애인 가족지원에 대한 이해 20분 57초","수료기준에 관한 표로 학습진도, 시험, 과제, 토론, 설문조사, 수료기준점수에 대한 내용을 담고있다. 학습진도 시험 과제 토론 설문조사 수료기준점수 100% 0점 0점 0점 미응시 100점이상","추천교육과정에 관한 표로 구분, 교육구분, 과정분류, 과정명, 신청기간, 교육기간에 대한 내용을 담고있다. 구분 교육구분 과정분류 과정명 신청기간 교육기간 추천 교육과정이 없습니다.",공무원+공무직+민간,1기,2025-02-03 ~ 2025-12-12,신청일로부터 21 일,무료,3 시간 00 분,1057 / 999999 명,3 시간 00 분,온라인,없음,"[{""제공받는 자"": ""국민건강보험공단"", ""제공목적"": ""요양보호사 보수교육 결과 관리"", ""제공항목"": ""교육생 성명, 교육일정,주민등록번호또는 외국인등록번호"", ""보유・이용기간"": ""교육종료연도다음해부터 3년""}]",1.0,21.0,100%,0점,0점,0점,미응시,100점이상,42.0,,,
발달장애인생애주기별욕구와지원,2025-09-25 21:13:25,성공,/data/upload/lca0000/2025/2/5/adcc3c7a-a21c-4cab-94c6-e2d23dd7fd50.png,무료,이러닝,이러닝,장애인복지,모집중,진행중,공무원+공무직+민간,"PC, Mobile",,2025-02-03 ~ 2025-12-12,2025-02-03 ~ 2025-12-12,3시간 00분,3198 / 999999 명,B2030010,253000561,발달장애인 생애주기별 욕구와 지원,https://edu.kohi.or.kr/pt/pa/paa/BD_paa0010l.do#none,발달장애인 생애주기별 욕구와 지원,이제 당신도 발달장애인의 특성과 생애주기별 욕구를 파악하고 생애주기별 서비스를 지원할 수 있습니다.,"신청정보에 관한 표로 교육대상, 기수, 신청기간, 교육기간, 교육비, 교육시간, 신청인원/정원, 실습여부, 교육장소, 숙박여부에 대한 내용을 담고 있다. 교육대상 공무원+공무직+민간 기수 1기 신청기간 2025-02-03 ~ 2025-12-12 교육기간 신청일로부터 21 일 교육비 무료 교육시간 3 시간 00 분 신청인원/정원 3198 / 999999 명 사회복지인정시간 3 시간 00 분 교육장소 온라인 숙박여부 없음","교육구성(이러닝)에 관한 표로 차시, 차시명, 학습시간에 대한 내용을 담고있다. 차시 차시명 학습시간 1 발달장애인의 정의 24분 44초 2 발달장애인의 특성 20분 38초 3 발달장애인 생애주기별 특성(1) 26분 24초 4 발달장애인 생애주기별 특성(2) 25분 2초 5 발달장애인 생애주기별 서비스 욕구 19분 14초","수료기준에 관한 표로 학습진도, 시험, 과제, 토론, 설문조사, 수료기준점수에 대한 내용을 담고있다. 학습진도 시험 과제 토론 설문조사 수료기준점수 100% 0점 0점 0점 미응시 100점이상","추천교육과정에 관한 표로 구분, 교육구분, 과정분류, 과정명, 신청기간, 교육기간에 대한 내용을 담고있다. 구분 교육구분 과정분류 과정명 신청기간 교육기간 추천 교육과정이 없습니다.",공무원+공무직+민간,1기,2025-02-03 ~ 2025-12-12,신청일로부터 21 일,무료,3 시간 00 분,3198 / 999999 명,3 시간 00 분,온라인,없음,"[{""제공받는 자"": ""국민건강보험공단"", ""제공목적"": ""요양보호사 보수교육 결과 관리"", ""제공항목"": ""교육생 성명, 교육일정,주민등록번호또는 외국인등록번호"", ""보유・이용기간"": ""교육종료연도다음해부터 3년""}]",1.0,15.0,100%,0점,0점,0점,미응시,100점이상,42.0,,,
발달장애인아동부모교육,2025-09-25 21:13:38,오류: Timeout 10000ms exceeded.,,,,,,,,,,,,,,,,,,,,,,,,,,,,,,,,,,,,,,,,,,,,,,,
"발달장애인응급상황대처,빠르게!스마트하게!",2025-09-25 21:13:51,성공,/data/upload/lca0000/2025/6/9/d4b409a7-a8c7-46c8-868d-eb6369c34ca2.png,무료,이러닝,이러닝,장애인복지,모집중,진행중,공무원+공무직+민간,"PC, Mobile, 수어지원",있음,2025-02-03 ~ 2025-12-12,2025-02-03 ~ 2025-12-12,2시간 00분,1173 / 999999 명,B2330018,253000567,"발달장애인 응급상황 대처, 빠르게! 스마트하게!",https://edu.kohi.or.kr/pt/pa/paa/BD_paa0010l.do#none,"발달장애인 응급상황 대처, 빠르게! 스마트하게!",∙ 발달장애인 서비스 제공 중 발생하는 각종 사고 및 응급상황 발생시 대처방법을 학습하고 사고예방을 위한 노력을 실천해봅시다.,"신청정보에 관한 표로 교육대상, 기수, 신청기간, 교육기간, 교육비, 교육시간, 신청인원/정원, 실습여부, 교육장소, 숙박여부에 대한 내용을 담고 있다. 교육대상 공무원+공무직+민간 기수 1기 신청기간 2025-02-03 ~ 2025-12-12 교육기간 신청일로부터 21 일 교육비 무료 교육시간 2 시간 00 분 신청인원/정원 1173 / 999999 명 사회복지인정시간 2 시간 00 분 교육장소 온라인 숙박여부 없음","교육구성(이러닝)에 관한 표로 차시, 차시명, 학습시간에 대한 내용을 담고있다. 차시 차시명 학습시간 1 발달장애인의 안전보장 38분 28초 2 응급상황별 대처방법 ① 42분 10초 3 응급상황별 대처방법 ② 28분 41초 4 응급상황별 대처방법 ③ 34분 32초","수료기준에 관한 표로 학습진도, 시험, 과제, 토론, 설문조사, 수료기준점수에 대한 내용을 담고있다. 학습진도 시험 과제 토론 설문조사 수료기준점수 100% 0점 0점 0점 미응시 100점이상","추천교육과정에 관한 표로 구분, 교육구분, 과정분류, 과정명, 신청기간, 교육기간에 대한 내용을 담고있다. 구분 교육구분 과정분류 과정명 신청기간 교육기간 추천 교육과정이 없습니다.",공무원+공무직+민간,1기,2025-02-03 ~ 2025-12-12,신청일로부터 21 일,무료,2 시간 00 분,1173 / 999999 명,2 시간 00 분,온라인,없음,"[{""제공받는 자"": ""국민건강보험공단"", ""제공목적"": ""요양보호사 보수교육 결과 관리"", ""제공항목"": ""교육생 성명, 교육일정,주민등록번호또는 외국인등록번호"", ""보유・이용기간"": ""교육종료연도다음해부터 3년""}]",1.0,10.0,100%,0점,0점,0점,미응시,100점이상,43.0,,,
일상에서실천하는장애인권익옹호,2025-09-25 21:14:04,성공,/data/upload/lca0000/2025/6/5/3872cab6-207d-49e2-a99c-3793e442acc1.png,무료,이러닝,이러닝,장애인복지,모집중,진행중,공무원+공무직+민간,"PC, Mobile",있음,2025-02-03 ~ 2025-12-12,2025-02-03 ~ 2025-12-12,2시간 00분,3197 / 999999 명,B2130772,253000572,일상에서 실천하는 장애인 권익옹호,https://edu.kohi.or.kr/pt/pa/paa/BD_paa0010l.do#none,일상에서 실천하는 장애인 권익옹호,∙ 인권과 장애인권익 보장에 대한 감수성을 향상시킨다. ∙ 장애인권익옹호에 대한 전반적 이해를 통해 일상적 옹호의 역량을 향상시킨다.,"신청정보에 관한 표로 교육대상, 기수, 신청기간, 교육기간, 교육비, 교육시간, 신청인원/정원, 실습여부, 교육장소, 숙박여부에 대한 내용을 담고 있다. 교육대상 공무원+공무직+민간 기수 1기 신청기간 2025-02-03 ~ 2025-12-12 교육기간 신청일로부터 21 일 교육비 무료 교육시간 2 시간 00 분 신청인원/정원 3197 / 999999 명 사회복지인정시간 2 시간 00 분 교육장소 온라인 숙박여부 없음","교육구성(이러닝)에 관한 표로 차시, 차시명, 학습시간에 대한 내용을 담고있다. 차시 차시명 학습시간 1 장애인 권익옹호 이해와 실제 32분 44초 2 장애인 인권침해와 전문가 옹호 29분 57초 3 시민옹호와 지역사회 28분 19초 4 장애인 자기옹호와 지원 32분 44초","수료기준에 관한 표로 학습진도, 시험, 과제, 토론, 설문조사, 수료기준점수에 대한 내용을 담고있다. 학습진도 시험 과제 토론 설문조사 수료기준점수 100% 0점 0점 0점 미응시 100점이상","추천교육과정에 관한 표로 구분, 교육구분, 과정분류, 과정명, 신청기간, 교육기간에 대한 내용을 담고있다. 구분 교육구분 과정분류 과정명 신청기간 교육기간 추천 교육과정이 없습니다.",공무원+공무직+민간,1기,2025-02-03 ~ 2025-12-12,신청일로부터 21 일,무료,2 시간 00 분,3197 / 999999 명,2 시간 00 분,온라인,없음,"[{""제공받는 자"": ""국민건강보험공단"", ""제공목적"": ""요양보호사 보수교육 결과 관리"", ""제공항목"": ""교육생 성명, 교육일정,주민등록번호또는 외국인등록번호"", ""보유・이용기간"": ""교육종료연도다음해부터 3년""}]",1.0,10.0,100%,0점,0점,0점,미응시,100점이상,43.0,,,
장애인거주시설서비스최저기준의적용과딜레마,2025-09-25 21:14:17,성공,/data/upload/lca0000/2025/2/5/c4cc3ac6-7358-472a-8c33-39b3e1c21b6d.png,무료,이러닝,이러닝,장애인복지,모집중,진행중,공무원+공무직+민간,"PC, Mobile",,2025-02-03 ~ 2025-12-12,2025-02-03 ~ 2025-12-12,1시간 00분,503 / 999999 명,B2030092,253000594,장애인거주시설 서비스 최저기준의 적용과 딜레마,https://edu.kohi.or.kr/pt/pa/paa/BD_paa0010l.do#none,장애인거주시설 서비스 최저기준의 적용과 딜레마,장애인거주시설서비스의 처저기준에 대해 알아봅시다.,"신청정보에 관한 표로 교육대상, 기수, 신청기간, 교육기간, 교육비, 교육시간, 신청인원/정원, 실습여부, 교육장소, 숙박여부에 대한 내용을 담고 있다. 교육대상 공무원+공무직+민간 기수 1기 신청기간 2025-02-03 ~ 2025-12-12 교육기간 신청일로부터 21 일 교육비 무료 교육시간 1 시간 00 분 신청인원/정원 503 / 999999 명 사회복지인정시간 1 시간 00 분 교육장소 온라인 숙박여부 없음","교육구성(이러닝)에 관한 표로 차시, 차시명, 학습시간에 대한 내용을 담고있다. 차시 차시명 학습시간 1 서비스 최저기준의 적용의 의의와 딜레마 양상 23분 23초 2 딜레마 사례와 사유의 확장 25분 24초","수료기준에 관한 표로 학습진도, 시험, 과제, 토론, 설문조사, 수료기준점수에 대한 내용을 담고있다. 학습진도 시험 과제 토론 설문조사 수료기준점수 60% 0점 0점 0점 미응시 60점이상","추천교육과정에 관한 표로 구분, 교육구분, 과정분류, 과정명, 신청기간, 교육기간에 대한 내용을 담고있다. 구분 교육구분 과정분류 과정명 신청기간 교육기간 추천 교육과정이 없습니다.",공무원+공무직+민간,1기,2025-02-03 ~ 2025-12-12,신청일로부터 21 일,무료,1 시간 00 분,503 / 999999 명,1 시간 00 분,온라인,없음,"[{""제공받는 자"": ""국민건강보험공단"", ""제공목적"": ""요양보호사 보수교육 결과 관리"", ""제공항목"": ""교육생 성명, 교육일정,주민등록번호또는 외국인등록번호"", ""보유・이용기간"": ""교육종료연도다음해부터 3년""}]",1.0,3.0,60%,0점,0점,0점,미응시,60점이상,42.0,,,
장애인거주시설안전관리,2025-09-25 21:14:30,성공,/data/upload/lca0000/2025/6/5/7d862672-1d63-48f9-b5ff-0a59b73a2186.png,무료,이러닝,이러닝,장애인복지,모집중,진행중,공무원+공무직+민간,"PC, Mobile",,2025-02-03 ~ 2025-12-12,2025-02-03 ~ 2025-12-12,2시간 00분,1412 / 999999 명,B2030102,253000595,장애인거주시설 안전관리,https://edu.kohi.or.kr/pt/pa/paa/BD_paa0010l.do#none,장애인거주시설 안전관리,"건축물이 대형화, 고층화, 복잡화해지면서 재난이 빈번해지고 자연재해가 증가하고 있습니다. 그러나 장애인 거주시설은 재난약자로서 초기대응 능력과 피난 능력이 약해 재난시 막대한 물적, 인적 피해가 발생합니다. 따리서, 재난시 장애인의 안전한 대피를 위해 피난 계획수립이 필요합니다.","신청정보에 관한 표로 교육대상, 기수, 신청기간, 교육기간, 교육비, 교육시간, 신청인원/정원, 실습여부, 교육장소, 숙박여부에 대한 내용을 담고 있다. 교육대상 공무원+공무직+민간 기수 1기 신청기간 2025-02-03 ~ 2025-12-12 교육기간 신청일로부터 21 일 교육비 무료 교육시간 2 시간 00 분 신청인원/정원 1412 / 999999 명 사회복지인정시간 2 시간 00 분 교육장소 온라인 숙박여부 없음","교육구성(이러닝)에 관한 표로 차시, 차시명, 학습시간에 대한 내용을 담고있다. 차시 차시명 학습시간 1 장애인거주시설 피난매뉴얼의 이해 13분 31초 2 장애인거주시설 피난 관리(공통피난관리, 지체, 청각) 20분 59초 3 장애인거주시설 피난 관리(시각, 지적, 중증, 영·유아) 21분 16초 4 장애인거주시설 안전관리 계획과 시나리오 만들기 26분 16초","수료기준에 관한 표로 학습진도, 시험, 과제, 토론, 설문조사, 수료기준점수에 대한 내용을 담고있다. 학습진도 시험 과제 토론 설문조사 수료기준점수 100% 0점 0점 0점 미응시 100점이상","추천교육과정에 관한 표로 구분, 교육구분, 과정분류, 과정명, 신청기간, 교육기간에 대한 내용을 담고있다. 구분 교육구분 과정분류 과정명 신청기간 교육기간 추천 교육과정이 없습니다.",공무원+공무직+민간,1기,2025-02-03 ~ 2025-12-12,신청일로부터 21 일,무료,2 시간 00 분,1412 / 999999 명,2 시간 00 분,온라인,없음,"[{""제공받는 자"": ""국민건강보험공단"", ""제공목적"": ""요양보호사 보수교육 결과 관리"", ""제공항목"": ""교육생 성명, 교육일정,주민등록번호또는 외국인등록번호"", ""보유・이용기간"": ""교육종료연도다음해부터 3년""}]",1.0,10.0,100%,0점,0점,0점,미응시,100점이상,42.0,,,
장애인주간이용시설서비스최저기준이해와적용,2025-09-25 21:14:44,성공,/data/upload/lca0000/2025/2/5/9c039986-b384-4d62-9397-62f0efecf808.png,무료,이러닝,이러닝,장애인복지,모집중,진행중,공무원+공무직+민간,"PC, Mobile",있음,2025-02-03 ~ 2025-12-12,2025-02-03 ~ 2025-12-12,2시간 00분,459 / 99999 명,B2530365,253000597,장애인주간이용시설 서비스 최저기준 이해와 적용,https://edu.kohi.or.kr/pt/pa/paa/BD_paa0010l.do#none,장애인주간이용시설 서비스 최저기준 이해와 적용,- 교육목표 ∙ 2024년 도입된 장애인주간이용시설의 서비스 최저기준에 대해 설명할 수 있다. ∙ 서비스 최저기준의 적용 방법과 고려사항에 대해 설명할 수 있다.,"신청정보에 관한 표로 교육대상, 기수, 신청기간, 교육기간, 교육비, 교육시간, 신청인원/정원, 실습여부, 교육장소, 숙박여부에 대한 내용을 담고 있다. 교육대상 공무원+공무직+민간 기수 1기 신청기간 2025-02-03 ~ 2025-12-12 교육기간 신청일로부터 21 일 교육비 무료 교육시간 2 시간 00 분 신청인원/정원 459 / 99999 명 사회복지인정시간 2 시간 00 분 교육장소 온라인 숙박여부 없음","교육구성(이러닝)에 관한 표로 차시, 차시명, 학습시간에 대한 내용을 담고있다. 차시 차시명 학습시간 1 장애인주간이용시설 서비스 최저기준의 개관 36분 41초 2 장애인주간이용시설 이용인의 인권 35분 29초 3 장애인주간이용시설 서비스 이용 절차와 내용 24분 26초 4 장애인주간이용시설 시설 운영의 실제 24분 40초","수료기준에 관한 표로 학습진도, 시험, 과제, 토론, 설문조사, 수료기준점수에 대한 내용을 담고있다. 학습진도 시험 과제 토론 설문조사 수료기준점수 100% 0점 0점 0점 미응시 100점이상","추천교육과정에 관한 표로 구분, 교육구분, 과정분류, 과정명, 신청기간, 교육기간에 대한 내용을 담고있다. 구분 교육구분 과정분류 과정명 신청기간 교육기간 추천 교육과정이 없습니다.",공무원+공무직+민간,1기,2025-02-03 ~ 2025-12-12,신청일로부터 21 일,무료,2 시간 00 분,459 / 99999 명,2 시간 00 분,온라인,없음,"[{""제공받는 자"": ""국민건강보험공단"", ""제공목적"": ""요양보호사 보수교육 결과 관리"", ""제공항목"": ""교육생 성명, 교육일정,주민등록번호또는 외국인등록번호"", ""보유・이용기간"": ""교육종료연도다음해부터 3년""}]",1.0,10.0,100%,0점,0점,0점,미응시,100점이상,43.0,,,
장애와인권,2025-09-25 21:14:57,성공,/data/upload/lca0000/2025/6/5/fbd5803a-134b-49df-8f33-86664cba4f69.png,무료,이러닝,이러닝,장애인복지,모집중,진행중,공무원+공무직+민간,"PC, Mobile",있음,2025-02-03 ~ 2025-12-12,2025-02-03 ~ 2025-12-12,2시간 00분,4414 / 99999 명,B2030035,253000575,장애와 인권,https://edu.kohi.or.kr/pt/pa/paa/BD_paa0010l.do#none,장애와 인권,"우리에게는 모두 인권이 있습니다. 가족, 친지, 이웃 등 주위에 있을 그들에 대해 이해하고 함께 살아가는 시간","신청정보에 관한 표로 교육대상, 기수, 신청기간, 교육기간, 교육비, 교육시간, 신청인원/정원, 실습여부, 교육장소, 숙박여부에 대한 내용을 담고 있다. 교육대상 공무원+공무직+민간 기수 1기 신청기간 2025-02-03 ~ 2025-12-12 교육기간 신청일로부터 21 일 교육비 무료 교육시간 2 시간 00 분 신청인원/정원 4414 / 99999 명 사회복지인정시간 2 시간 00 분 교육장소 온라인 숙박여부 없음","교육구성(이러닝)에 관한 표로 차시, 차시명, 학습시간에 대한 내용을 담고있다. 차시 차시명 학습시간 1 장애에 대한 인식과 태도 38분 10초 2 장애개념의 변화과정 36분 23초 3 장애인에 대한 태도 24분 24초 4 법적 근거에 대한 이해 35분 9초","수료기준에 관한 표로 학습진도, 시험, 과제, 토론, 설문조사, 수료기준점수에 대한 내용을 담고있다. 학습진도 시험 과제 토론 설문조사 수료기준점수 100% 0점 0점 0점 미응시 100점이상","추천교육과정에 관한 표로 구분, 교육구분, 과정분류, 과정명, 신청기간, 교육기간에 대한 내용을 담고있다. 구분 교육구분 과정분류 과정명 신청기간 교육기간 추천 교육과정이 없습니다.",공무원+공무직+민간,1기,2025-02-03 ~ 2025-12-12,신청일로부터 21 일,무료,2 시간 00 분,4414 / 99999 명,2 시간 00 분,온라인,없음,"[{""제공받는 자"": ""국민건강보험공단"", ""제공목적"": ""요양보호사 보수교육 결과 관리"", ""제공항목"": ""교육생 성명, 교육일정,주민등록번호또는 외국인등록번호"", ""보유・이용기간"": ""교육종료연도다음해부터 3년""}]",1.0,10.0,100%,0점,0점,0점,미응시,100점이상,43.0,,,
가정위탁지원센터 종사자 보수교육(정서행동장애),2025-09-25 21:15:10,검색 결과 없음,,,,,,,,,,,,,,,,,,,,,,,,,,,,,,,,,,,,,,,,,,,,,,,
가정위탁지원센터 종사자 보수교육(특수욕구아동의 이해),2025-09-25 21:15:25,검색 결과 없음,,,,,,,,,,,,,,,,,,,,,,,,,,,,,,,,,,,,,,,,,,,,,,,
경계선지능아동지도사 양성교육,2025-09-25 21:15:41,검색 결과 없음,,,,,,,,,,,,,,,,,,,,,,,,,,,,,,,,,,,,,,,,,,,,,,,
경계선지능아동지도사 양육자교육,2025-09-25 21:15:56,검색 결과 없음,,,,,,,,,,,,,,,,,,,,,,,,,,,,,,,,,,,,,,,,,,,,,,,
다함께돌봄센터 종사자 필수교육(기존돌봄선생님),2025-09-25 21:16:11,검색 결과 없음,,,,,,,,,,,,,,,,,,,,,,,,,,,,,,,,,,,,,,,,,,,,,,,
다함께돌봄센터 종사자 필수교육(기존센터장),2025-09-25 21:16:27,검색 결과 없음,,,,,,,,,,,,,,,,,,,,,,,,,,,,,,,,,,,,,,,,,,,,,,,
다함께돌봄센터 종사자 필수교육(신규돌봄선생님),2025-09-25 21:16:42,검색 결과 없음,,,,,,,,,,,,,,,,,,,,,,,,,,,,,,,,,,,,,,,,,,,,,,,
다함께돌봄센터 종사자 필수교육(신규센터장),2025-09-25 21:16:57,검색 결과 없음,,,,,,,,,,,,,,,,,,,,,,,,,,,,,,,,,,,,,,,,,,,,,,,
보건복지상담센터 상담사교육,2025-09-25 21:17:12,검색 결과 없음,,,,,,,,,,,,,,,,,,,,,,,,,,,,,,,,,,,,,,,,,,,,,,,
보호대상아동 공공후견제도 및 실무이해,2025-09-25 21:17:27,검색 결과 없음,,,,,,,,,,,,,,,,,,,,,,,,,,,,,,,,,,,,,,,,,,,,,,,
사례로 보는 아동복지 실천현장에서의 인권,2025-09-25 21:17:42,성공,/data/upload/lca0000/2025/1/17/19765521-34a3-4037-ac33-d87107b71b0e.png,무료,이러닝,이러닝,아동복지,모집중,진행중,공무원+공무직+민간,"PC, Mobile",,2025-02-03 ~ 2025-12-12,2025-02-03 ~ 2025-12-12,3시간 00분,3719 / 999999 명,B2030040,253000589,사례로보는아동복지실천현장에서의인권,https://edu.kohi.or.kr/pt/pa/paa/BD_paa0010l.do#none,사례로보는아동복지실천현장에서의인권,사례로보는아동복지실천현장에서의인권(2024년),"신청정보에 관한 표로 교육대상, 기수, 신청기간, 교육기간, 교육비, 교육시간, 신청인원/정원, 실습여부, 교육장소, 숙박여부에 대한 내용을 담고 있다. 교육대상 공무원+공무직+민간 기수 1기 신청기간 2025-02-03 ~ 2025-12-12 교육기간 신청일로부터 21 일 교육비 무료 교육시간 3 시간 00 분 신청인원/정원 3719 / 999999 명 사회복지인정시간 3 시간 00 분 교육장소 온라인 숙박여부 없음","교육구성(이러닝)에 관한 표로 차시, 차시명, 학습시간에 대한 내용을 담고있다. 차시 차시명 학습시간 1 복지시설아동의 권리 16분 55초 2 장애아동의 인권 22분 56초 3 이주아동의 권리(1) 29분 57초 4 이주아동의 권리(2) 29분 42초 5 취약계층 아동의 권리 22분 23초","수료기준에 관한 표로 학습진도, 시험, 과제, 토론, 설문조사, 수료기준점수에 대한 내용을 담고있다. 학습진도 시험 과제 토론 설문조사 수료기준점수 100% 0점 0점 0점 미응시 100점이상","추천교육과정에 관한 표로 구분, 교육구분, 과정분류, 과정명, 신청기간, 교육기간에 대한 내용을 담고있다. 구분 교육구분 과정분류 과정명 신청기간 교육기간 추천 교육과정이 없습니다.",공무원+공무직+민간,1기,2025-02-03 ~ 2025-12-12,신청일로부터 21 일,무료,3 시간 00 분,3719 / 999999 명,3 시간 00 분,온라인,없음,"[{""제공받는 자"": ""국민건강보험공단"", ""제공목적"": ""요양보호사 보수교육 결과 관리"", ""제공항목"": ""교육생 성명, 교육일정,주민등록번호또는 외국인등록번호"", ""보유・이용기간"": ""교육종료연도다음해부터 3년""}]",1.0,15.0,100%,0점,0점,0점,미응시,100점이상,42.0,,,
신설아동보호전문기관교육,2025-09-25 21:17:55,검색 결과 없음,,,,,,,,,,,,,,,,,,,,,,,,,,,,,,,,,,,,,,,,,,,,,,,
"아동, 권리를 만나다",2025-09-25 21:18:11,성공,/data/upload/lca0000/2025/6/5/e0d4258a-d0ae-4171-9ed9-6b9a786a5cac.jpg,무료,이러닝,이러닝,아동복지,모집중,진행중,공무원+공무직+민간,"PC, Mobile",,2025-02-03 ~ 2025-12-12,2025-02-03 ~ 2025-12-12,3시간 00분,18181 / 999999 명,B2030041,253000591,"아동,권리를만나다",https://edu.kohi.or.kr/pt/pa/paa/BD_paa0010l.do#none,"아동,권리를만나다","아동 의견 존중의 중요성과 아동 참여의 긍정적 효과를 이해하고, 아동 인권을 지키기 위해 다함께 노력합시다.","신청정보에 관한 표로 교육대상, 기수, 신청기간, 교육기간, 교육비, 교육시간, 신청인원/정원, 실습여부, 교육장소, 숙박여부에 대한 내용을 담고 있다. 교육대상 공무원+공무직+민간 기수 1기 신청기간 2025-02-03 ~ 2025-12-12 교육기간 신청일로부터 21 일 교육비 무료 교육시간 3 시간 00 분 신청인원/정원 18181 / 999999 명 사회복지인정시간 3 시간 00 분 교육장소 온라인 숙박여부 없음","교육구성(이러닝)에 관한 표로 차시, 차시명, 학습시간에 대한 내용을 담고있다. 차시 차시명 학습시간 1 기본적 인권의 이해 39분 55초 2 아동권의 기본 원칙 34분 26초 3 아동권리의 이해 36분 15초 4 특별한 관심이 필요한 아동 36분 38초 5 아동권 존중을 위한 책임과 의무 33분 25초","수료기준에 관한 표로 학습진도, 시험, 과제, 토론, 설문조사, 수료기준점수에 대한 내용을 담고있다. 학습진도 시험 과제 토론 설문조사 수료기준점수 100% 0점 0점 0점 미응시 100점이상","추천교육과정에 관한 표로 구분, 교육구분, 과정분류, 과정명, 신청기간, 교육기간에 대한 내용을 담고있다. 구분 교육구분 과정분류 과정명 신청기간 교육기간 추천 교육과정이 없습니다.",공무원+공무직+민간,1기,2025-02-03 ~ 2025-12-12,신청일로부터 21 일,무료,3 시간 00 분,18181 / 999999 명,3 시간 00 분,온라인,없음,"[{""제공받는 자"": ""국민건강보험공단"", ""제공목적"": ""요양보호사 보수교육 결과 관리"", ""제공항목"": ""교육생 성명, 교육일정,주민등록번호또는 외국인등록번호"", ""보유・이용기간"": ""교육종료연도다음해부터 3년""}]",1.0,15.0,100%,0점,0점,0점,미응시,100점이상,42.0,,,
아동발달 얼마나 알고 계신가요?,2025-09-25 21:18:23,성공,/data/upload/lca0000/2025/6/9/422c489b-2706-4b44-a226-266d7b84dc29.png,무료,이러닝,이러닝,아동복지,모집중,진행중,공무원+공무직+민간,"PC, Mobile",,2025-02-03 ~ 2025-12-12,2025-02-03 ~ 2025-12-12,2시간 00분,778 / 999999 명,B2330934,253000585,아동발달 얼마나 알고 계신가요?,https://edu.kohi.or.kr/pt/pa/paa/BD_paa0010l.do#none,아동발달 얼마나 알고 계신가요?,"∙ 아동복지 실천현장 종사자들이 대상 아동을 양육하는 과정에서 부딪치게 되는 문제와 부담을 경감시켜 줄 수 있도록 사례, 경험 등을 들어 현실성 있게 설명하였습니다.","신청정보에 관한 표로 교육대상, 기수, 신청기간, 교육기간, 교육비, 교육시간, 신청인원/정원, 실습여부, 교육장소, 숙박여부에 대한 내용을 담고 있다. 교육대상 공무원+공무직+민간 기수 1기 신청기간 2025-02-03 ~ 2025-12-12 교육기간 신청일로부터 21 일 교육비 무료 교육시간 2 시간 00 분 신청인원/정원 778 / 999999 명 사회복지인정시간 2 시간 00 분 교육장소 온라인 숙박여부 없음","교육구성(이러닝)에 관한 표로 차시, 차시명, 학습시간에 대한 내용을 담고있다. 차시 차시명 학습시간 1 아동발달 이론 35분 13초 2 영유아기 발달(취학 전) 47분 40초 3 아동기 발달(초등생) 28분 33초 4 청소년기 발달(중고생) 30분 46초","수료기준에 관한 표로 학습진도, 시험, 과제, 토론, 설문조사, 수료기준점수에 대한 내용을 담고있다. 학습진도 시험 과제 토론 설문조사 수료기준점수 60% 0점 0점 0점 미응시 60점이상","추천교육과정에 관한 표로 구분, 교육구분, 과정분류, 과정명, 신청기간, 교육기간에 대한 내용을 담고있다. 구분 교육구분 과정분류 과정명 신청기간 교육기간 추천 교육과정이 없습니다.",공무원+공무직+민간,1기,2025-02-03 ~ 2025-12-12,신청일로부터 21 일,무료,2 시간 00 분,778 / 999999 명,2 시간 00 분,온라인,없음,"[{""제공받는 자"": ""국민건강보험공단"", ""제공목적"": ""요양보호사 보수교육 결과 관리"", ""제공항목"": ""교육생 성명, 교육일정,주민등록번호또는 외국인등록번호"", ""보유・이용기간"": ""교육종료연도다음해부터 3년""}]",1.0,10.0,60%,0점,0점,0점,미응시,60점이상,42.0,,,
아동복지론,2025-09-25 21:18:36,성공,/data/upload/lca0000/2025/1/17/5e8333f8-9c06-41e3-9834-1536e2fb7cb0.jpg,무료,이러닝,이러닝,아동복지,모집중,진행중,공무원+공무직+민간,"PC, Mobile",,2025-02-03 ~ 2025-12-12,2025-02-03 ~ 2025-12-12,6시간 00분,1106 / 999999 명,B2130066,253000593,아동복지론,https://edu.kohi.or.kr/pt/pa/paa/BD_paa0010l.do#none,아동복지론,아동복지론,"신청정보에 관한 표로 교육대상, 기수, 신청기간, 교육기간, 교육비, 교육시간, 신청인원/정원, 실습여부, 교육장소, 숙박여부에 대한 내용을 담고 있다. 교육대상 공무원+공무직+민간 기수 1기 신청기간 2025-02-03 ~ 2025-12-12 교육기간 신청일로부터 21 일 교육비 무료 교육시간 6 시간 00 분 신청인원/정원 1106 / 999999 명 사회복지인정시간 6 시간 00 분 교육장소 온라인 숙박여부 없음","교육구성(이러닝)에 관한 표로 차시, 차시명, 학습시간에 대한 내용을 담고있다. 차시 차시명 학습시간 1 아동, 가족과 현대사회 19분 54초 2 아동권리와 학대 예방 22분 19초 3 아동발달 단계의 이해 18분 0초 4 아동복지 발달사 18분 1초 5 아동복지의 대상과 서비스 14분 34초 6 아동복지정책과 행정 19분 53초 7 빈곤아동 13분 36초 8 장애아동 16분 49초 9 보육과 가족지원 13분 51초 10 가정 외 보호제도 35분 18초 11 다양한 가족의 아동복지 22분 53초 12 아동복지의 전망과 과제 9분 1초","수료기준에 관한 표로 학습진도, 시험, 과제, 토론, 설문조사, 수료기준점수에 대한 내용을 담고있다. 학습진도 시험 과제 토론 설문조사 수료기준점수 60% 0점 0점 0점 미응시 60점이상","추천교육과정에 관한 표로 구분, 교육구분, 과정분류, 과정명, 신청기간, 교육기간에 대한 내용을 담고있다. 구분 교육구분 과정분류 과정명 신청기간 교육기간 추천 교육과정이 없습니다.",공무원+공무직+민간,1기,2025-02-03 ~ 2025-12-12,신청일로부터 21 일,무료,6 시간 00 분,1106 / 999999 명,6 시간 00 분,온라인,없음,"[{""제공받는 자"": ""국민건강보험공단"", ""제공목적"": ""요양보호사 보수교육 결과 관리"", ""제공항목"": ""교육생 성명, 교육일정,주민등록번호또는 외국인등록번호"", ""보유・이용기간"": ""교육종료연도다음해부터 3년""}]",1.0,,60%,0점,0점,0점,미응시,60점이상,44.0,1,"아동, 가족과 현대사회",19분 54초
아동상담의 첫걸음,2025-09-25 21:18:49,성공,/data/upload/lca0000/2025/6/9/56f94b39-1946-42a4-a367-968a9b4475f1.png,무료,이러닝,이러닝,아동복지,모집중,진행중,공무원+공무직+민간,"PC, Mobile",있음,2025-02-03 ~ 2025-12-12,2025-02-03 ~ 2025-12-12,2시간 00분,1108 / 999999 명,B2230815,253000587,아동상담의 첫걸음,https://edu.kohi.or.kr/pt/pa/paa/BD_paa0010l.do#none,아동상담의 첫걸음,∙ 아동복지분야 종사자를 위한 아동상담의 시작! ∙ 아동의 문제행동에 대한 이해를 통해 건강한 아동의 건강한 성장을 돕기 위한 방법을 알아봅시다.,"신청정보에 관한 표로 교육대상, 기수, 신청기간, 교육기간, 교육비, 교육시간, 신청인원/정원, 실습여부, 교육장소, 숙박여부에 대한 내용을 담고 있다. 교육대상 공무원+공무직+민간 기수 1기 신청기간 2025-02-03 ~ 2025-12-12 교육기간 신청일로부터 21 일 교육비 무료 교육시간 2 시간 00 분 신청인원/정원 1108 / 999999 명 사회복지인정시간 2 시간 00 분 교육장소 온라인 숙박여부 없음","교육구성(이러닝)에 관한 표로 차시, 차시명, 학습시간에 대한 내용을 담고있다. 차시 차시명 학습시간 1 아동 문제파악과 초기면접 34분 41초 2 사례개념화와 아동상담 계획 30분 3초 3 심리검사 및 상담초기 39분 16초 4 상담중기 및 상담종결 34분 45초","수료기준에 관한 표로 학습진도, 시험, 과제, 토론, 설문조사, 수료기준점수에 대한 내용을 담고있다. 학습진도 시험 과제 토론 설문조사 수료기준점수 60% 0점 0점 0점 미응시 60점이상","추천교육과정에 관한 표로 구분, 교육구분, 과정분류, 과정명, 신청기간, 교육기간에 대한 내용을 담고있다. 구분 교육구분 과정분류 과정명 신청기간 교육기간 추천 교육과정이 없습니다.",공무원+공무직+민간,1기,2025-02-03 ~ 2025-12-12,신청일로부터 21 일,무료,2 시간 00 분,1108 / 999999 명,2 시간 00 분,온라인,없음,"[{""제공받는 자"": ""국민건강보험공단"", ""제공목적"": ""요양보호사 보수교육 결과 관리"", ""제공항목"": ""교육생 성명, 교육일정,주민등록번호또는 외국인등록번호"", ""보유・이용기간"": ""교육종료연도다음해부터 3년""}]",1.0,10.0,60%,0점,0점,0점,미응시,60점이상,43.0,,,
아동보호서비스 바로알기,2025-09-25 21:19:02,성공,/data/upload/lca0000/2025/6/9/267a7031-5126-4565-b7a0-aa965435ce02.png,무료,이러닝,이러닝,아동복지,모집중,진행중,공무원+공무직+민간,"PC, Mobile",있음,2025-02-03 ~ 2025-12-12,2025-02-03 ~ 2025-12-12,2시간 00분,739 / 999999 명,B2210726,251000579,아동보호서비스 바로알기,https://edu.kohi.or.kr/pt/pa/paa/BD_paa0010l.do#none,아동보호서비스 바로알기,"교육대상 : 시도 및 시군구 아동보호팀장, 전담요원, 아동보호체계 관련 종사자 등(공무원, 공무직) 1차시 : 공공 중심 아동보호체계 2차시 : 아동보호서비스 3차시 : 아동보호업무 프로세스 4차시 : 가정외 보호와 협력","신청정보에 관한 표로 교육대상, 기수, 신청기간, 교육기간, 교육비, 교육시간, 신청인원/정원, 실습여부, 교육장소, 숙박여부에 대한 내용을 담고 있다. 교육대상 공무원+공무직+민간 기수 1기 신청기간 2025-02-03 ~ 2025-12-12 교육기간 신청일로부터 21 일 교육비 무료 교육시간 2 시간 00 분 신청인원/정원 739 / 999999 명 사회복지인정시간 2 시간 00 분 교육장소 온라인 숙박여부 없음","교육구성(이러닝)에 관한 표로 차시, 차시명, 학습시간에 대한 내용을 담고있다. 차시 차시명 학습시간 1 01. 공공중심 아동보호체계 23분 53초 2 02. 아동보호서비스 31분 8초 3 03. 아동보호업무 프로세스 40분 28초 4 04. 가정 외 보호와 협력 37분 21초","수료기준에 관한 표로 학습진도, 시험, 과제, 토론, 설문조사, 수료기준점수에 대한 내용을 담고있다. 학습진도 시험 과제 토론 설문조사 수료기준점수 60% 0점 0점 0점 미응시 60점이상","추천교육과정에 관한 표로 구분, 교육구분, 과정분류, 과정명, 신청기간, 교육기간에 대한 내용을 담고있다. 구분 교육구분 과정분류 과정명 신청기간 교육기간 추천 교육과정이 없습니다.",공무원+공무직+민간,1기,2025-02-03 ~ 2025-12-12,신청일로부터 21 일,무료,2 시간 00 분,739 / 999999 명,2 시간 00 분,온라인,없음,"[{""제공받는 자"": ""국민건강보험공단"", ""제공목적"": ""요양보호사 보수교육 결과 관리"", ""제공항목"": ""교육생 성명, 교육일정,주민등록번호또는 외국인등록번호"", ""보유・이용기간"": ""교육종료연도다음해부터 3년""}]",1.0,10.0,60%,0점,0점,0점,미응시,60점이상,43.0,,,
아동학대전담공무원 입문과정(이론교육),2025-09-25 21:19:15,검색 결과 없음,,,,,,,,,,,,,,,,,,,,,,,,,,,,,,,,,,,,,,,,,,,,,,,
아동학대전담공무원 기본교육,2025-09-25 21:19:30,검색 결과 없음,,,,,,,,,,,,,,,,,,,,,,,,,,,,,,,,,,,,,,,,,,,,,,,
어린이삼킴·이물질사고예방을 위한 보호자교육,2025-09-25 21:19:46,검색 결과 없음,,,,,,,,,,,,,,,,,,,,,,,,,,,,,,,,,,,,,,,,,,,,,,,
어린이생활안전교육(가정편),2025-09-25 21:20:02,검색 결과 없음,,,,,,,,,,,,,,,,,,,,,,,,,,,,,,,,,,,,,,,,,,,,,,,
어린이생활안전교육(발달단계별),2025-09-25 21:20:18,검색 결과 없음,,,,,,,,,,,,,,,,,,,,,,,,,,,,,,,,,,,,,,,,,,,,,,,
어린이생활안전교육(실외편),2025-09-25 21:20:33,검색 결과 없음,,,,,,,,,,,,,,,,,,,,,,,,,,,,,,,,,,,,,,,,,,,,,,,
어린이화상안전·인식개선교육,2025-09-25 21:20:49,검색 결과 없음,,,,,,,,,,,,,,,,,,,,,,,,,,,,,,,,,,,,,,,,,,,,,,,
어린이 화상사고 예방을 위한 보호자교육,2025-09-25 21:21:04,검색 결과 없음,,,,,,,,,,,,,,,,,,,,,,,,,,,,,,,,,,,,,,,,,,,,,,,
온라인 학습자료를 활용한영유아아동안전교육,2025-09-25 21:21:19,검색 결과 없음,,,,,,,,,,,,,,,,,,,,,,,,,,,,,,,,,,,,,,,,,,,,,,,
영유아를 위한 보건위생관리교육,2025-09-25 21:21:35,검색 결과 없음,,,,,,,,,,,,,,,,,,,,,,,,,,,,,,,,,,,,,,,,,,,,,,,
영유아를 위한 실종·유괴예방·방지교육,2025-09-25 21:21:51,검색 결과 없음,,,,,,,,,,,,,,,,,,,,,,,,,,,,,,,,,,,,,,,,,,,,,,,
영유아를 위한 성폭력예방교육,2025-09-25 21:22:06,검색 결과 없음,,,,,,,,,,,,,,,,,,,,,,,,,,,,,,,,,,,,,,,,,,,,,,,
영유아를 위한 아동학대예방교육,2025-09-25 21:22:22,검색 결과 없음,,,,,,,,,,,,,,,,,,,,,,,,,,,,,,,,,,,,,,,,,,,,,,,
영유아를 위한 응급처치 및 생활안전교육,2025-09-25 21:22:37,검색 결과 없음,,,,,,,,,,,,,,,,,,,,,,,,,,,,,,,,,,,,,,,,,,,,,,,
영유아를 위한 재난대비안전교육,2025-09-25 21:22:52,검색 결과 없음,,,,,,,,,,,,,,,,,,,,,,,,,,,,,,,,,,,,,,,,,,,,,,,
영유아를 위한 교통안전교육,2025-09-25 21:23:07,검색 결과 없음,,,,,,,,,,,,,,,,,,,,,,,,,,,,,,,,,,,,,,,,,,,,,,,
워크북을 활용한 아동안전교수법-교통안전교육,2025-09-25 21:23:23,검색 결과 없음,,,,,,,,,,,,,,,,,,,,,,,,,,,,,,,,,,,,,,,,,,,,,,,
워크북을 활용한 아동안전교수법-보건위생관리교육,2025-09-25 21:23:38,검색 결과 없음,,,,,,,,,,,,,,,,,,,,,,,,,,,,,,,,,,,,,,,,,,,,,,,
워크북을 활용한 아동안전교수법-성폭력예방교육,2025-09-25 21:23:54,검색 결과 없음,,,,,,,,,,,,,,,,,,,,,,,,,,,,,,,,,,,,,,,,,,,,,,,
워크북을 활용한 아동안전교수법-실종·유괴예방·방지교육,2025-09-25 21:24:09,검색 결과 없음,,,,,,,,,,,,,,,,,,,,,,,,,,,,,,,,,,,,,,,,,,,,,,,
워크북을 활용한 아동안전교수법-아동학대예방교육,2025-09-25 21:24:24,검색 결과 없음,,,,,,,,,,,,,,,,,,,,,,,,,,,,,,,,,,,,,,,,,,,,,,,
워크북을 활용한 아동안전교수법-재난대비안전교육,2025-09-25 21:24:40,검색 결과 없음,,,,,,,,,,,,,,,,,,,,,,,,,,,,,,,,,,,,,,,,,,,,,,,
어린이집 지도점검 담당자업무매뉴얼교육,2025-09-25 21:24:56,성공,/data/upload/lca0000/2025/6/5/3f5e8225-c034-410f-991e-0e68a5263a7d.jpg,무료,이러닝,이러닝,아동복지,모집중,진행중,공무원+공무직+민간,"PC, Mobile",있음,2025-02-03 ~ 2025-12-12,2025-02-03 ~ 2025-12-12,1시간 00분,80 / 999999 명,B2030013,253000580,어린이집 지도점검 담당자 업무 매뉴얼 교육,https://edu.kohi.or.kr/pt/pa/paa/BD_paa0010l.do#none,어린이집 지도점검 담당자 업무 매뉴얼 교육,우리아이가 안전하게 다닐 어린이집 현장중심의 지도점검에 대해 정확하게 알고 안전하게 보내자 !,"신청정보에 관한 표로 교육대상, 기수, 신청기간, 교육기간, 교육비, 교육시간, 신청인원/정원, 실습여부, 교육장소, 숙박여부에 대한 내용을 담고 있다. 교육대상 공무원+공무직+민간 기수 1기 신청기간 2025-02-03 ~ 2025-12-12 교육기간 신청일로부터 21 일 교육비 무료 교육시간 1 시간 00 분 신청인원/정원 80 / 999999 명 사회복지인정시간 1 시간 00 분 교육장소 온라인 숙박여부 없음","교육구성(이러닝)에 관한 표로 차시, 차시명, 학습시간에 대한 내용을 담고있다. 차시 차시명 학습시간 1 어린이집 지도ㆍ점검 개요 및 계획 수립 26분 54초 2 어린이집 지도·점검 결과에 따른 조치 32분 18초","수료기준에 관한 표로 학습진도, 시험, 과제, 토론, 설문조사, 수료기준점수에 대한 내용을 담고있다. 학습진도 시험 과제 토론 설문조사 수료기준점수 100% 0점 0점 0점 미응시 100점이상","추천교육과정에 관한 표로 구분, 교육구분, 과정분류, 과정명, 신청기간, 교육기간에 대한 내용을 담고있다. 구분 교육구분 과정분류 과정명 신청기간 교육기간 추천 교육과정이 없습니다.",공무원+공무직+민간,1기,2025-02-03 ~ 2025-12-12,신청일로부터 21 일,무료,1 시간 00 분,80 / 999999 명,1 시간 00 분,온라인,없음,"[{""제공받는 자"": ""국민건강보험공단"", ""제공목적"": ""요양보호사 보수교육 결과 관리"", ""제공항목"": ""교육생 성명, 교육일정,주민등록번호또는 외국인등록번호"", ""보유・이용기간"": ""교육종료연도다음해부터 3년""}]",1.0,3.0,100%,0점,0점,0점,미응시,100점이상,43.0,,,
지역아동센터에서의 아동권리교육,2025-09-25 21:25:10,성공,/data/upload/lca0000/2025/6/5/cd741a72-77f6-4794-afc9-8ecdb8d9f3eb.jpg,무료,이러닝,이러닝,아동복지,모집중,진행중,공무원+공무직+민간,"PC, Mobile",,2025-02-03 ~ 2025-12-12,2025-02-03 ~ 2025-12-12,3시간 00분,3085 / 999999 명,B2030039,253000583,지역아동센터에서의아동권리교육,https://edu.kohi.or.kr/pt/pa/paa/BD_paa0010l.do#none,지역아동센터에서의아동권리교육,지역아동센터 종사자들이 아동권리에 대한 이해를 바탕으로 지역아동센터 안에서 아동권리가 실현될 수 있도록 합시다.,"신청정보에 관한 표로 교육대상, 기수, 신청기간, 교육기간, 교육비, 교육시간, 신청인원/정원, 실습여부, 교육장소, 숙박여부에 대한 내용을 담고 있다. 교육대상 공무원+공무직+민간 기수 1기 신청기간 2025-02-03 ~ 2025-12-12 교육기간 신청일로부터 21 일 교육비 무료 교육시간 3 시간 00 분 신청인원/정원 3085 / 999999 명 사회복지인정시간 3 시간 00 분 교육장소 온라인 숙박여부 없음","교육구성(이러닝)에 관한 표로 차시, 차시명, 학습시간에 대한 내용을 담고있다. 차시 차시명 학습시간 1 아동권리의 기본 이해 33분 43초 2 아동의 참여권 25분 46초 3 편견과 차별이 없는 지역아동센터 29분 33초 4 아동안전보호정책 32분 47초 5 따뜻하고 규칙 있는 지역아동센터 33분 28초","수료기준에 관한 표로 학습진도, 시험, 과제, 토론, 설문조사, 수료기준점수에 대한 내용을 담고있다. 학습진도 시험 과제 토론 설문조사 수료기준점수 100% 0점 0점 0점 미응시 100점이상","추천교육과정에 관한 표로 구분, 교육구분, 과정분류, 과정명, 신청기간, 교육기간에 대한 내용을 담고있다. 구분 교육구분 과정분류 과정명 신청기간 교육기간 추천 교육과정이 없습니다.",공무원+공무직+민간,1기,2025-02-03 ~ 2025-12-12,신청일로부터 21 일,무료,3 시간 00 분,3085 / 999999 명,3 시간 00 분,온라인,없음,"[{""제공받는 자"": ""국민건강보험공단"", ""제공목적"": ""요양보호사 보수교육 결과 관리"", ""제공항목"": ""교육생 성명, 교육일정,주민등록번호또는 외국인등록번호"", ""보유・이용기간"": ""교육종료연도다음해부터 3년""}]",1.0,15.0,100%,0점,0점,0점,미응시,100점이상,42.0,,,
중대재해처벌법의 이해,2025-09-25 21:25:23,성공,/data/upload/lca0000/2025/9/1/82be1776-5330-4e0e-81e3-6538c5cbe97a.png,유료,이러닝,이러닝,아동복지,모집중,진행중,민간,"PC, Mobile",있음,2025-01-13 ~ 2025-12-12,2025-01-13 ~ 2025-12-12,2시간 00분,249 / 500 명,B2410770,251000370,중대재해처벌법의이해,https://edu.kohi.or.kr/pt/pa/paa/BD_paa0010l.do#none,중대재해처벌법의이해,"어린이집, 아동복지시설을 포함한 사회복지시설에서의 중대재해를 예방 및 대응에 필요한 과정입니다.","신청정보에 관한 표로 교육대상, 기수, 신청기간, 교육기간, 교육비, 교육시간, 신청인원/정원, 실습여부, 교육장소, 숙박여부에 대한 내용을 담고 있다. 교육대상 민간 기수 1기 신청기간 2025-01-13 ~ 2025-12-12 교육기간 신청일로부터 21 일 교육비 유료 (5,000원) 교육시간 2 시간 00 분 신청인원/정원 249 / 500 명 사회복지인정시간 없음 교육장소 온라인 숙박여부 없음","교육구성(이러닝)에 관한 표로 차시, 차시명, 학습시간에 대한 내용을 담고있다. 차시 차시명 학습시간 1 중대재해처벌법의 개요 17분 13초 2 중대산업재해 · 중대시민재해 대응방안 28분 33초","수료기준에 관한 표로 학습진도, 시험, 과제, 토론, 설문조사, 수료기준점수에 대한 내용을 담고있다. 학습진도 시험 과제 토론 설문조사 수료기준점수 100% 0점 0점 0점 미응시 100점이상","추천교육과정에 관한 표로 구분, 교육구분, 과정분류, 과정명, 신청기간, 교육기간에 대한 내용을 담고있다. 구분 교육구분 과정분류 과정명 신청기간 교육기간 추천 교육과정이 없습니다.",민간,1기,2025-01-13 ~ 2025-12-12,신청일로부터 21 일,"유료 (5,000원)",2 시간 00 분,249 / 500 명,없음,온라인,없음,"[{""제공받는 자"": ""국민건강보험공단"", ""제공목적"": ""요양보호사 보수교육 결과 관리"", ""제공항목"": ""교육생 성명, 교육일정,주민등록번호또는 외국인등록번호"", ""보유・이용기간"": ""교육종료연도다음해부터 3년""}]",1.0,3.0,100%,0점,0점,0점,미응시,100점이상,43.0,,,
중·고등학생을 위한 마약류 및 약물예방교육,2025-09-25 21:25:36,검색 결과 없음,,,,,,,,,,,,,,,,,,,,,,,,,,,,,,,,,,,,,,,,,,,,,,,
중·고등학생을 위한 사례로 배우는 마약류 및 약물예방교육,2025-09-25 21:25:53,검색 결과 없음,,,,,,,,,,,,,,,,,,,,,,,,,,,,,,,,,,,,,,,,,,,,,,,
초등학생을 위한 마약류 및 약물예방교육,2025-09-25 21:26:08,검색 결과 없음,,,,,,,,,,,,,,,,,,,,,,,,,,,,,,,,,,,,,,,,,,,,,,,
초등학생을 위한 사례로 배우는 마약류 및 약물예방교육,2025-09-25 21:26:24,검색 결과 없음,,,,,,,,,,,,,,,,,,,,,,,,,,,,,,,,,,,,,,,,,,,,,,,
초등학생 종사자를 위한성폭력안전교수법,2025-09-25 21:26:39,검색 결과 없음,,,,,,,,,,,,,,,,,,,,,,,,,,,,,,,,,,,,,,,,,,,,,,,
초등학생 종사자를 위한아동학대안전교수법,2025-09-25 21:26:54,검색 결과 없음,,,,,,,,,,,,,,,,,,,,,,,,,,,,,,,,,,,,,,,,,,,,,,,
초등학생 종사자를 위한 실종·유괴의 예방·방지 안전 교수법,2025-09-25 21:27:11,검색 결과 없음,,,,,,,,,,,,,,,,,,,,,,,,,,,,,,,,,,,,,,,,,,,,,,,
초등학생 종사자를 위한보건위생관리 안전 교수법,2025-09-25 21:27:26,검색 결과 없음,,,,,,,,,,,,,,,,,,,,,,,,,,,,,,,,,,,,,,,,,,,,,,,
초등학생 종사자를 위한재난대비 안전 교수법,2025-09-25 21:27:42,검색 결과 없음,,,,,,,,,,,,,,,,,,,,,,,,,,,,,,,,,,,,,,,,,,,,,,,
초등학생 종사자를 위한교통안전 교수법,2025-09-25 21:27:58,검색 결과 없음,,,,,,,,,,,,,,,,,,,,,,,,,,,,,,,,,,,,,,,,,,,,,,,
초등학생 종사자를 위한 응급처치 및 심폐소생술,2025-09-25 21:28:13,검색 결과 없음,,,,,,,,,,,,,,,,,,,,,,,,,,,,,,,,,,,,,,,,,,,,,,,
중·고등학생 종사자를 위한성폭력 예방 안전 교수법,2025-09-25 21:28:29,검색 결과 없음,,,,,,,,,,,,,,,,,,,,,,,,,,,,,,,,,,,,,,,,,,,,,,,
중·고등학생 종사자를 위한 아동학대 예방 안전 교수법,2025-09-25 21:28:44,검색 결과 없음,,,,,,,,,,,,,,,,,,,,,,,,,,,,,,,,,,,,,,,,,,,,,,,
중·고등학생 종사자를 위한 실종·유괴의 예방·방지 안전 교수법,2025-09-25 21:28:59,검색 결과 없음,,,,,,,,,,,,,,,,,,,,,,,,,,,,,,,,,,,,,,,,,,,,,,,
중·고등학생 종사자를 위한 보건위생관리 안전 교수법,2025-09-25 21:29:15,검색 결과 없음,,,,,,,,,,,,,,,,,,,,,,,,,,,,,,,,,,,,,,,,,,,,,,,
중·고등학생 종사자를 위한 재난대비 안전 교수법,2025-09-25 21:29:30,검색 결과 없음,,,,,,,,,,,,,,,,,,,,,,,,,,,,,,,,,,,,,,,,,,,,,,,
