교육명,검색어_원본,검색어_개선,개선_단어수,개선율
긴급복지지원 신고의무 교육,긴급복지지원 신고의무 교육,긴급복지 지원 신고 교육,4,1.3333333333333333
역량평가의 이해(사전학습),역량평가의 이해(사전학습),역량평가 이해 사전학습,3,1.5
역량평가의 이해(사후학습),역량평가의 이해(사후학습),역량평가 이해 사후학습,3,1.5
그리스 로마 신화를 통해 배우는 인문학,그리스 로마 신화를 통해 배우는 인문학,그리스 로마 신화를 통해 배우는 인문학,6,1.0
더 나은 내 삶을 위한 긍정의 힘,더 나은 내 삶을 위한 긍정의 힘,나은 삶을 위한 긍정의,4,0.5714285714285714
보건복지인(人)을위한문제해결능력향상,보건복지인(人)을위한문제해결능력향상,보건복지 위한 문제해결 능력향상,4,4.0
보건복지인의 셀프 동기부여,보건복지인의 셀프 동기부여,보건복지 인의 셀프 동기부여,4,1.3333333333333333
삶을 변화시키는 매일 작은 습관만들기,삶을 변화시키는 매일 작은 습관만들기,삶을 변화시키는 매일 작은 습관만들기,5,1.0
"성공하는 인생의 지름길, 셀프 리더십","성공하는 인생의 지름길, 셀프 리더십","성공하는 인생의 지름길, 셀프 리더십",5,1.0
절대 강대국은 없다. 강대국의 흥망성쇠,절대 강대국은 없다. 강대국의 흥망성쇠,절대 강대국은 없다. 강대국의 흥망성쇠,5,1.0
"절대역사서, 사기를 통해 배우는 인문학","절대역사서, 사기를 통해 배우는 인문학","절대역사서, 사기를 통해 배우는 인문학",5,1.0
존중과 사랑의 소통처방전,존중과 사랑의 소통처방전,존중과 사랑의 소통처방전,3,1.0
플라톤을 통해 배우는 국가,플라톤을 통해 배우는 국가,플라톤을 통해 배우는 국가,4,1.0
보건복지 동행(with 명강사) - 회복지원편,보건복지 동행(with 명강사) - 회복지원편,보건복지 동행 회복지원편 with 명강사,5,1.0
KOHI 공개강의(LIVE 명사특강쇼) - MZ(미지)세계의 보건복지,KOHI 공개강의(LIVE 명사특강쇼) - MZ(미지)세계의 보건복지,공개강의 세계의 보건복지 LIVE 명사특강쇼 미지 KOHI MZ,8,1.3333333333333333
"보건의료, 미래 선도하는 취업 JOB GO!","보건의료, 미래 선도하는 취업 JOB GO!","보건 료, 미래 선도하는 취업 JOB GO",7,1.1666666666666667
창의적인정책개발의첫걸음,창의적인정책개발의첫걸음,창의적인 정책개발 첫걸음,3,3.0
취업코치의꿀팁대방출(스펙부터AI면접까지),취업코치의꿀팁대방출(스펙부터AI면접까지),취업코치 꿀팁대방출 스펙부터AI면접까지,3,3.0
KOHI공개강의나이들수록 행복해지려면,KOHI공개강의나이들수록 행복해지려면,공개강의 나이들수록 행복해지려면 KOHI,4,2.0
KOHI공개강의 무례한세상속앞으로나아가는마음관리법8가지,KOHI공개강의 무례한세상속앞으로나아가는마음관리법8가지,공개강의 무례한세상속앞으로나아가는마음관리법8가지 KOHI,3,1.5
KOHI북토크-어른의대화법,KOHI북토크-어른의대화법,북토크 어른 대화법 KOHI,4,4.0
KOHI북토크-어바웃번아웃,KOHI북토크-어바웃번아웃,북토크 어바웃번아웃 KOHI,3,3.0
"감정노동, 상처받지않은것처럼일하기","감정노동, 상처받지않은것처럼일하기","감정노동, 상처받지않은 것처럼일하기",3,1.5
보건복지 강사 강의 역량레벨업,보건복지 강사 강의 역량레벨업,보건복지 강사 강의 역량레벨업,4,1.0
보건복지人힐링고민상담소,보건복지人힐링고민상담소,보건복지 힐링고민상담소,2,2.0
보건복지종사자를위한공문서작성기술,보건복지종사자를위한공문서작성기술,보건복지 종사자 위한 공문서 작성기술,5,5.0
사회복지현장저작권분쟁예방교육,사회복지현장저작권분쟁예방교육,사회복지 현장 저작권 분쟁예방교육,4,4.0
KOHI가 들려주는보건복지 이야기(복지),KOHI가 들려주는보건복지 이야기(복지),들려주는 보건복지 이야기 복지 KOHI,5,1.6666666666666667
보건복지동행(with명강사)_복지정책편,보건복지동행(with명강사)_복지정책편,보건복지 동행 복지정책 with명강사,4,4.0
사회복지가치와기본법제,사회복지가치와기본법제,사회복지 가치 기본법제,3,3.0
"사회복지 북토크 (언젠가, 충만한 사회복지)-사람을 옹호하라","사회복지 북토크 (언젠가, 충만한 사회복지)-사람을 옹호하라","사회복지 북토크 사람을 옹호하라 언젠가, 충만한 사회복지",7,1.1666666666666667
"사회복지 북토크 (언젠가, 충만한 사회복지) -사회복지, 평생 할 수 있을까?","사회복지 북토크 (언젠가, 충만한 사회복지) -사회복지, 평생 할 수 있을까?","사회복지 북토크 평생 까? 언젠가, 충만한 사회복지",7,0.7
"사회복지 북토크 (언젠가, 충만한 사회복지) -우리가 최선을 다하고 있다는 착각","사회복지 북토크 (언젠가, 충만한 사회복지) -우리가 최선을 다하고 있다는 착각","사회복지 북토크 우리가 최선을 다하고 있다는 착각 언젠가, 충만한 사회복지",10,1.0
"사회복지 북토크 (언젠가, 충만한 사회복지)-이번 생의 복지국가","사회복지 북토크 (언젠가, 충만한 사회복지)-이번 생의 복지국가","사회복지 북토크 이번 생의 복지국가 언젠가, 충만한 사회복지",8,1.1428571428571428
사회복지와 역사,사회복지와 역사,사회복지 역사,2,1.0
사회복지와 인권,사회복지와 인권,사회복지 인권,2,1.0
해결중심 상담기법,해결중심 상담기법,해결중심 상담기법,2,1.0
공공복지업무 핵심만 콕! 읍면동복지매뉴얼,공공복지업무 핵심만 콕! 읍면동복지매뉴얼,공공복지업무 핵심만 읍면동복지매뉴얼,3,0.75
국민기초생활보장제도 바로알기(공통),국민기초생활보장제도 바로알기(공통),국민기초 생활보장 제도 바로알기 공통,5,2.5
긴급지원담당공무원 교육,긴급지원담당공무원 교육,긴급지원담당 공무원 교육,3,1.5
메리토크라시 관점에서 본 복지와 철학,메리토크라시 관점에서 본 복지와 철학,메리토크라시 관점에서 복지와 철학,4,0.8
보건복지 동행(with 명강사)-사례관리편,보건복지 동행(with 명강사)-사례관리편,보건복지 동행 사례관리 with 명강사,5,1.6666666666666667
보건복지 우수사례를 찾아서 -찾아가는 보건복지서비스편,보건복지 우수사례를 찾아서 -찾아가는 보건복지서비스편,보건복지 우수사례를 찾아서 찾아가는 서비스편,5,1.0
"복지 어벤져스, 우리가 간다","복지 어벤져스, 우리가 간다","복지 어벤져스, 우리가 간다",4,1.0
사례관리실천 우수사례연구,사례관리실천 우수사례연구,사례관리 실천 우수사례연구,3,1.5
쉽게 이해하는 기초생활보장제도,쉽게 이해하는 기초생활보장제도,쉽게 이해하는 기초 생활보장 제도,5,1.6666666666666667
쉽게 이해하는 기초연금사업,쉽게 이해하는 기초연금사업,쉽게 이해하는 기초연금 사업,4,1.3333333333333333
우수사례로 보는 사례관리실천,우수사례로 보는 사례관리실천,우수사례로 보는 사례관리 실천,4,1.3333333333333333
위기임신 보호출산제도의 이해,위기임신 보호출산제도의 이해,위기임신 보호출산제도의 이해,3,1.0
"주민과 함께 걷는 길, 사례관리","주민과 함께 걷는 길, 사례관리","주민과 함께 걷는 길, 사례관리",5,1.0
지역복지리더 양성을 위한 업무가이드,지역복지리더 양성을 위한 업무가이드,지역복지리더 양성을 위한 업무가이드,4,1.0
키워드로 보는 사회복지현장,키워드로 보는 사회복지현장,키워드로 보는 사회복지 현장,4,1.3333333333333333
통합사례관리 기록가이드,통합사례관리 기록가이드,통합 사례관리 기록가이드,3,1.5
핵심만 콕! 지역사회보장계획,핵심만 콕! 지역사회보장계획,핵심만 지역 사회보장 계획,4,1.3333333333333333
"사회복지시설안전관리,이것만알면끝!","사회복지시설안전관리,이것만알면끝!","사회복지 시설안전관리,이것만알면끝",2,2.0
노인상담사례관리기본과정,노인상담사례관리기본과정,노인상담 사례관리 기본,3,3.0
"노인인권, 마음의온도를더하다","노인인권, 마음의온도를더하다","노인인권, 마음 온도 더하다",4,2.0
노인학대신고의무자(2025년노인학대신고의무자교육),노인학대신고의무자(2025년노인학대신고의무자교육),노인학대신고 무자 2025년노인학대신고의무자교육,3,3.0
보건복지동행(with명강사)_노인복지편,보건복지동행(with명강사)_노인복지편,보건복지 동행 노인복지편 with명강사,4,4.0
요양보호사보수교육(온라인),요양보호사보수교육(온라인),요양보호사보수교육 온라인,2,2.0
치매전문교육(요양보호사과정),치매전문교육(요양보호사과정),치매전문교육 요양보호사과정,2,2.0
치매전문교육(프로그램관리자과목),치매전문교육(프로그램관리자과목),치매전문교육 프로그램관리자과목,2,2.0
"미래사회, 장애인지원의다방면실천과전략","미래사회, 장애인지원의다방면실천과전략","미래사회, 장애인지원 다방면실천 전략",4,2.0
발달장애인가족에대한이해,발달장애인가족에대한이해,발달장애인가족에대한이해,1,1.0
발달장애인생애주기별욕구와지원,발달장애인생애주기별욕구와지원,발달장애인생애주기별욕구 지원,2,2.0
발달장애인아동부모교육,발달장애인아동부모교육,발달장애인아동부모교육,1,1.0
"발달장애인응급상황대처,빠르게!스마트하게!","발달장애인응급상황대처,빠르게!스마트하게!","발달장애인응급상황대처,빠르게 스마트하게",2,2.0
일상에서실천하는장애인권익옹호,일상에서실천하는장애인권익옹호,일상 에서 실천하는장애인권익옹호,3,3.0
장애인거주시설서비스최저기준의적용과딜레마,장애인거주시설서비스최저기준의적용과딜레마,장애인거주시설 서비스최저기준 적용 딜레마,4,4.0
장애인거주시설안전관리,장애인거주시설안전관리,장애인거주 시설안전관리,2,2.0
장애인주간이용시설서비스최저기준이해와적용,장애인주간이용시설서비스최저기준이해와적용,장애인주간이용시설 서비스최저기준이해 적용,3,3.0
장애와인권,장애와인권,장애 인권,2,2.0
가정위탁지원센터 종사자 보수교육(정서행동장애),가정위탁지원센터 종사자 보수교육(정서행동장애),가정위탁 지원센터 종사자 보수교육 정서행동장애,5,1.6666666666666667
가정위탁지원센터 종사자 보수교육(특수욕구아동의 이해),가정위탁지원센터 종사자 보수교육(특수욕구아동의 이해),가정위탁 지원센터 종사자 보수교육 특수욕구아동의 이해,6,1.5
경계선지능아동지도사 양성교육,경계선지능아동지도사 양성교육,경계선지능아동지도사 양성교육,2,1.0
경계선지능아동지도사 양육자교육,경계선지능아동지도사 양육자교육,경계선지능아동지도사 양육자교육,2,1.0
다함께돌봄센터 종사자 필수교육(기존돌봄선생님),다함께돌봄센터 종사자 필수교육(기존돌봄선생님),다함께 돌봄센터 종사자 필수교육 기존돌봄선생님,5,1.6666666666666667
다함께돌봄센터 종사자 필수교육(기존센터장),다함께돌봄센터 종사자 필수교육(기존센터장),다함께 돌봄센터 종사자 필수교육 기존센터장,5,1.6666666666666667
다함께돌봄센터 종사자 필수교육(신규돌봄선생님),다함께돌봄센터 종사자 필수교육(신규돌봄선생님),다함께 돌봄센터 종사자 필수교육 신규돌봄선생님,5,1.6666666666666667
다함께돌봄센터 종사자 필수교육(신규센터장),다함께돌봄센터 종사자 필수교육(신규센터장),다함께 돌봄센터 종사자 필수교육 신규센터장,5,1.6666666666666667
보건복지상담센터 상담사교육,보건복지상담센터 상담사교육,보건복지 상담센터 상담사교육,3,1.5
보호대상아동 공공후견제도 및 실무이해,보호대상아동 공공후견제도 및 실무이해,보호대상아동 공공후견제도 실무이해,3,0.75
사례로 보는 아동복지 실천현장에서의 인권,사례로 보는 아동복지 실천현장에서의 인권,사례로 보는 아동복지 실천현장 에서 인권,6,1.2
신설아동보호전문기관교육,신설아동보호전문기관교육,신설아동보호전문기관교육,1,1.0
"아동, 권리를 만나다","아동, 권리를 만나다","아동, 권리를 만나다",3,1.0
아동발달 얼마나 알고 계신가요?,아동발달 얼마나 알고 계신가요?,아동발달 얼마나 알고 계신가요?,4,1.0
아동복지론,아동복지론,아동복지론,1,1.0
아동상담의 첫걸음,아동상담의 첫걸음,아동상담의 첫걸음,2,1.0
아동보호서비스 바로알기,아동보호서비스 바로알기,아동보 호서비스 바로알기,3,1.5
아동학대전담공무원 입문과정(이론교육),아동학대전담공무원 입문과정(이론교육),아동학 대전담 공무원 입문 이론교육,5,2.5
아동학대전담공무원 기본교육,아동학대전담공무원 기본교육,아동학 대전담 공무원 기본교육,4,2.0
어린이삼킴·이물질사고예방을 위한 보호자교육,어린이삼킴·이물질사고예방을 위한 보호자교육,어린이삼킴·이물질사고예방을 위한 보호자교육,3,1.0
어린이생활안전교육(가정편),어린이생활안전교육(가정편),어린이생활안전교육 가정편,2,2.0
어린이생활안전교육(발달단계별),어린이생활안전교육(발달단계별),어린이생활안전교육 발달단계별,2,2.0
어린이생활안전교육(실외편),어린이생활안전교육(실외편),어린이생활안전교육 실외편,2,2.0
어린이화상안전·인식개선교육,어린이화상안전·인식개선교육,어린이화상안전·인식개선교육,1,1.0
어린이 화상사고 예방을 위한 보호자교육,어린이 화상사고 예방을 위한 보호자교육,어린이 화상사고 예방을 위한 보호자교육,5,1.0
온라인 학습자료를 활용한영유아아동안전교육,온라인 학습자료를 활용한영유아아동안전교육,온라인 학습자료를 활용한영유아아동안전교육,3,1.0
영유아를 위한 보건위생관리교육,영유아를 위한 보건위생관리교육,영유아를 위한 보건위생관리교육,3,1.0
영유아를 위한 실종·유괴예방·방지교육,영유아를 위한 실종·유괴예방·방지교육,영유아를 위한 실종·유괴예방·방지교육,3,1.0
영유아를 위한 성폭력예방교육,영유아를 위한 성폭력예방교육,영유아를 위한 성폭력예방교육,3,1.0
영유아를 위한 아동학대예방교육,영유아를 위한 아동학대예방교육,영유아를 위한 아동학대 예방교육,4,1.3333333333333333
영유아를 위한 응급처치 및 생활안전교육,영유아를 위한 응급처치 및 생활안전교육,영유아를 위한 응급처치 생활안전교육,4,0.8
영유아를 위한 재난대비안전교육,영유아를 위한 재난대비안전교육,영유아를 위한 재난대비안전교육,3,1.0
영유아를 위한 교통안전교육,영유아를 위한 교통안전교육,영유아를 위한 교통안전교육,3,1.0
워크북을 활용한 아동안전교수법-교통안전교육,워크북을 활용한 아동안전교수법-교통안전교육,워크북을 활용한 아동안 전교수법 교통안전교육,5,1.6666666666666667
워크북을 활용한 아동안전교수법-보건위생관리교육,워크북을 활용한 아동안전교수법-보건위생관리교육,워크북을 활용한 아동안 전교수법 보건위생관리교육,5,1.6666666666666667
워크북을 활용한 아동안전교수법-성폭력예방교육,워크북을 활용한 아동안전교수법-성폭력예방교육,워크북을 활용한 아동안 전교수법 성폭력예방교육,5,1.6666666666666667
워크북을 활용한 아동안전교수법-실종·유괴예방·방지교육,워크북을 활용한 아동안전교수법-실종·유괴예방·방지교육,워크북을 활용한 아동안 전교수법 실종·유괴예방·방지교육,5,1.6666666666666667
워크북을 활용한 아동안전교수법-아동학대예방교육,워크북을 활용한 아동안전교수법-아동학대예방교육,워크북을 활용한 아동안 전교수법 아동학대 예방교육,6,2.0
워크북을 활용한 아동안전교수법-재난대비안전교육,워크북을 활용한 아동안전교수법-재난대비안전교육,워크북을 활용한 아동안 전교수법 재난대비안전교육,5,1.6666666666666667
어린이집 지도점검 담당자업무매뉴얼교육,어린이집 지도점검 담당자업무매뉴얼교육,어린이집 지도점검 담당자업무 매뉴얼교육,4,1.3333333333333333
지역아동센터에서의 아동권리교육,지역아동센터에서의 아동권리교육,지역아동센터 에서 아동권 리교육,4,2.0
중대재해처벌법의 이해,중대재해처벌법의 이해,중대재해처벌법의 이해,2,1.0
중·고등학생을 위한 마약류 및 약물예방교육,중·고등학생을 위한 마약류 및 약물예방교육,중·고등학생을 위한 마약류 약물예방교육,4,0.8
중·고등학생을 위한 사례로 배우는 마약류 및 약물예방교육,중·고등학생을 위한 사례로 배우는 마약류 및 약물예방교육,중·고등학생을 위한 사례로 배우는 마약류 약물예방교육,6,0.8571428571428571
초등학생을 위한 마약류 및 약물예방교육,초등학생을 위한 마약류 및 약물예방교육,초등학생을 위한 마약류 약물예방교육,4,0.8
초등학생을 위한 사례로 배우는 마약류 및 약물예방교육,초등학생을 위한 사례로 배우는 마약류 및 약물예방교육,초등학생을 위한 사례로 배우는 마약류 약물예방교육,6,0.8571428571428571
초등학생 종사자를 위한성폭력안전교수법,초등학생 종사자를 위한성폭력안전교수법,초등학생 종사자를 위한성폭력안전교수법,3,1.0
초등학생 종사자를 위한아동학대안전교수법,초등학생 종사자를 위한아동학대안전교수법,초등학생 종사자를 위한아동학대안전교수법,3,1.0
초등학생 종사자를 위한 실종·유괴의 예방·방지 안전 교수법,초등학생 종사자를 위한 실종·유괴의 예방·방지 안전 교수법,초등학생 종사자를 위한 실종·유괴의 예방·방지 안전 교수법,7,1.0
초등학생 종사자를 위한보건위생관리 안전 교수법,초등학생 종사자를 위한보건위생관리 안전 교수법,초등학생 종사자를 위한보건위생관리 안전 교수법,5,1.0
초등학생 종사자를 위한재난대비 안전 교수법,초등학생 종사자를 위한재난대비 안전 교수법,초등학생 종사자를 위한재난대비 안전 교수법,5,1.0
초등학생 종사자를 위한교통안전 교수법,초등학생 종사자를 위한교통안전 교수법,초등학생 종사자를 위한교통안전 교수법,4,1.0
초등학생 종사자를 위한 응급처치 및 심폐소생술,초등학생 종사자를 위한 응급처치 및 심폐소생술,초등학생 종사자를 위한 응급처치 심폐소생술,5,0.8333333333333334
중·고등학생 종사자를 위한성폭력 예방 안전 교수법,중·고등학생 종사자를 위한성폭력 예방 안전 교수법,중·고등학생 종사자를 위한성폭력 예방 안전 교수법,6,1.0
중·고등학생 종사자를 위한 아동학대 예방 안전 교수법,중·고등학생 종사자를 위한 아동학대 예방 안전 교수법,중·고등학생 종사자를 위한 아동학대 예방 안전 교수법,7,1.0
중·고등학생 종사자를 위한 실종·유괴의 예방·방지 안전 교수법,중·고등학생 종사자를 위한 실종·유괴의 예방·방지 안전 교수법,중·고등학생 종사자를 위한 실종·유괴의 예방·방지 안전 교수법,7,1.0
중·고등학생 종사자를 위한 보건위생관리 안전 교수법,중·고등학생 종사자를 위한 보건위생관리 안전 교수법,중·고등학생 종사자를 위한 보건위생관리 안전 교수법,6,1.0
중·고등학생 종사자를 위한 재난대비 안전 교수법,중·고등학생 종사자를 위한 재난대비 안전 교수법,중·고등학생 종사자를 위한 재난대비 안전 교수법,6,1.0
중·고등학생 종사자를 위한 교통안전 교수법,중·고등학생 종사자를 위한 교통안전 교수법,중·고등학생 종사자를 위한 교통안전 교수법,5,1.0
중·고등학생 종사자를 위한 응급처치 및 심폐소생술,중·고등학생 종사자를 위한 응급처치 및 심폐소생술,중·고등학생 종사자를 위한 응급처치 심폐소생술,5,0.8333333333333334
청소년부모교육_기본편,청소년부모교육_기본편,청소년부모교육 기본편,2,2.0
청소년부모교육_심화편,청소년부모교육_심화편,청소년부모교육 심화편,2,2.0
ADHD 아동 지도방법,ADHD 아동 지도방법,아동 지도방법 ADHD,3,1.0
KOHI 보건복지 북토크- 아이들의 눈으로 바라보기,KOHI 보건복지 북토크- 아이들의 눈으로 바라보기,보건복지 북토크 아이들의 눈으로 바라보기 KOHI,6,1.0
사회복무직무소양교육,사회복무직무소양교육,사회복무직 무소양교육,2,2.0
Level-Up간호실무,Level-Up간호실무,Level Up간호실무,2,2.0
보건사업 기획 이론과 실제(작성),보건사업 기획 이론과 실제(작성),보건사업 기획 이론과 실제 작성,5,1.25
보건사업기획이란 : 기획은 왜?,보건사업기획이란 : 기획은 왜?,보건사업기획이란 기획은 왜?,3,0.75
고질민원 응대스킬 up!,고질민원 응대스킬 up!,고질민원 응대스킬 up,3,1.0
미세먼지 바로알기,미세먼지 바로알기,미세먼지 바로알기,2,1.0
미세먼지와 건강,미세먼지와 건강,미세먼지와 건강,2,1.0
성과 향상을 위한 헬스커뮤니케이션 홍보전략,성과 향상을 위한 헬스커뮤니케이션 홍보전략,성과 향상을 위한 헬스커뮤니케이션 홍보전략,5,1.0
재가 암환자 건강관리,재가 암환자 건강관리,재가 암환자 건강관리,3,1.0
지역사회 자원연계 실제,지역사회 자원연계 실제,지역사회 자원연계 실제,3,1.0
지역사회 자원연계를 위한 통합적접근,지역사회 자원연계를 위한 통합적접근,지역사회 자원연계를 위한 통합적접근,4,1.0
지역사회 주민조직화 이해와 실천,지역사회 주민조직화 이해와 실천,지역사회 주민조직화 이해와 실천,4,1.0
북한이탈주민 건강관리,북한이탈주민 건강관리,북한이탈주민 건강관리,2,1.0
보건복지 우수사례를 찾아서- AI·IoT기반어르신건강관리편,보건복지 우수사례를 찾아서- AI·IoT기반어르신건강관리편,보건복지 우수사례를 찾아서 ·IoT기반어르신건강관리편 AI,5,1.25
보건소 ICT기술을 활용한 건강관리서비스 강화과정,보건소 ICT기술을 활용한 건강관리서비스 강화과정,보건소 기술을 활용한 건강관리서비스 강화 ICT,6,1.2
비만의 민족,비만의 민족,비만의 민족,2,1.0
연하곤란과 영양관리,연하곤란과 영양관리,연하곤란과 영양관리,2,1.0
푸드테라피로 챙기는 생활건강,푸드테라피로 챙기는 생활건강,푸드테라피로 챙기는 생활건강,3,1.0
건강증진사업전략수립(통합건강증진),건강증진사업전략수립(통합건강증진),건강증진사업전략수립 통합건강증진,2,2.0
고혈압당뇨질환별맞춤운동,고혈압당뇨질환별맞춤운동,고혈압당뇨질환별맞춤운동,1,1.0
국민건강증진종합계획(HP2030)의이해,국민건강증진종합계획(HP2030)의이해,국민건강증진종합계획 이해 HP2030,3,3.0
노인건강관리(만성질환관리),노인건강관리(만성질환관리),노인건강관리 만성질환관리,2,2.0
노인건강관리(신체활동),노인건강관리(신체활동),노인건강관리 신체활동,2,2.0
노인건강관리(영양),노인건강관리(영양),노인건강관리 영양,2,2.0
비대면모바일헬스케어를 이용한신체활동,비대면모바일헬스케어를 이용한신체활동,비대면모바일헬스케어를 이용한신체활동,2,1.0
생애주기별영양관리,생애주기별영양관리,생애주기별영양관리,1,1.0
생애주기별신체활동가이드,생애주기별신체활동가이드,생애주기별신체활동가이드,1,1.0
성인의심뇌혈관질환예방및관리(통합건강증진사업),성인의심뇌혈관질환예방및관리(통합건강증진사업),성인 심뇌혈관질환예방및관리 통합건강증진사업,3,3.0
쏙이해되는영양상담(통합건강증진사업),쏙이해되는영양상담(통합건강증진사업),쏙이해되는영양상담 통합건강증진사업,2,2.0
"언택트시대의고혈압당뇨환자관리, 심뇌혈관질환관리사업","언택트시대의고혈압당뇨환자관리, 심뇌혈관질환관리사업","언택트시대 고혈압당뇨환자관리, 심뇌혈관질환관리사업",3,1.5
"우리나라술, 그리고문화","우리나라술, 그리고문화","우리나라술, 그리고문화",2,1.0
음주폐해예방사업 바로알기,음주폐해예방사업 바로알기,음주폐해예방사업 바로알기,2,1.0
지역사회통합건강증진사업(심화)(통합건강증진),지역사회통합건강증진사업(심화)(통합건강증진),지역사회통합건강증진사업 심화 통합건강증진,3,3.0
통합건강증진사업수행사례,통합건강증진사업수행사례,통합건강증진사업수행사례,1,1.0
근골격계질환자를위한운동법,근골격계질환자를위한운동법,근골격계질환자 위한운동법,2,2.0
근골격계질환에대해바로알기,근골격계질환에대해바로알기,근골격계질환에대해바로알기,1,1.0
금연사업전문가,금연사업전문가,금연사업전문가,1,1.0
금연상담전문가,금연상담전문가,금연상담전문가,1,1.0
금연정책및법령의이해,금연정책및법령의이해,금연정책및법령 이해,2,2.0
노인구강건강관리,노인구강건강관리,노인구강건강관리,1,1.0
노인건강관리,노인건강관리,노인건강관리,1,1.0
방문건강관리사업의이해,방문건강관리사업의이해,방문건강 관리사업 이해,3,3.0
생애주기별한의약건강교육(영유아건강),생애주기별한의약건강교육(영유아건강),생애주기별한 약건강교육 영유아건강,3,3.0
생애주기별한의약건강교육(임산부건강),생애주기별한의약건강교육(임산부건강),생애주기별한 약건강교육 임산부건강,3,3.0
생애주기별구강건강관리,생애주기별구강건강관리,생애주기별구강건강관리,1,1.0
성인구강건강관리,성인구강건강관리,성인구강건강관리,1,1.0
소아아토피피부염제대로이해하기,소아아토피피부염제대로이해하기,소아아토피피부염제대로이해하기,1,1.0
아나필락시스이해및대응요령,아나필락시스이해및대응요령,아나필락시스 이해및대응요령,2,2.0
아동청소년구강건강관리,아동청소년구강건강관리,아동청소년 구강건강관리,2,2.0
알레르기질환바로알기(천식)편,알레르기질환바로알기(천식)편,알레르기질환바로알기편 천식,2,2.0
알레르기질환바로알기,알레르기질환바로알기,알레르기질환바로알기,1,1.0
임산부영유아구강건강관리,임산부영유아구강건강관리,임산부영유아구강건강관리,1,1.0
장애인구강건강관리,장애인구강건강관리,장애인구 강건강관리,2,2.0
정신건강관리와방문건강관리사업,정신건강관리와방문건강관리사업,정신건강관리 방문건강 관리사업,3,3.0
한방에푹빠진한방,한방에푹빠진한방,한방에푹 빠진한방,2,2.0
한의약건강증진사업생애주기별표준프로그램활용하기,한의약건강증진사업생애주기별표준프로그램활용하기,약건강증진사업생애주기별표준프로그램활용하기,1,1.0
한의약건강증진사업이해하기,한의약건강증진사업이해하기,약건강증진사업이해하기,1,1.0
흡연과태료감면제도가이드라인,흡연과태료감면제도가이드라인,흡연 태료감면제도가이드라인,2,2.0
통합건강증진지침교육,통합건강증진지침교육,통합건강증진지침교육,1,1.0
구강보건예방치의학의이해,구강보건예방치의학의이해,구강보건예방치의학 이해,2,2.0
디지털 인지행동치료를 적용한비만치료,디지털 인지행동치료를 적용한비만치료,디지털 인지행동치료를 적용한비만치료,3,1.0
"KOHI공개강의(LIVE명사특강쇼)-우울증,'내'책임아니고‘뇌'책임","KOHI공개강의(LIVE명사특강쇼)-우울증,'내'책임아니고‘뇌'책임","공개강의 우울증,'내'책임아니고‘뇌'책임 LIVE명사특강쇼 KOHI",4,4.0
KOHI보건복지북토크-마음의상처로 부터비상하다,KOHI보건복지북토크-마음의상처로 부터비상하다,보건복지 북토크 마음 상처로 부터비상하다 KOHI,6,3.0
바람직한임상적가치로서의인권,바람직한임상적가치로서의인권,바람직한임 상적가치로서 인권,3,3.0
"우울증, 알아봅시다","우울증, 알아봅시다","우울증, 알아봅시다",2,1.0
인권알기시리즈_역사로보는정신장애인의인권,인권알기시리즈_역사로보는정신장애인의인권,인권알기시리즈 역사로보는정신장애인 인권,3,3.0
자살예방기본교육,자살예방기본교육,자살예방 기본교육,2,2.0
정신건강상태를말하다,정신건강상태를말하다,정신건강상태 말하다,2,2.0
정신건강증진시설사례로본종사자의인권보호,정신건강증진시설사례로본종사자의인권보호,정신건강증진시설사례로본종사자 인권보호,2,2.0
지역사회정신건강(조현병중심으로),지역사회정신건강(조현병중심으로),지역사회정신건강 조현병중심으로,2,2.0
마음건강지킴이양성교육기본과정(입주민마음건강지원사업),마음건강지킴이양성교육기본과정(입주민마음건강지원사업),마음건강지킴 이양성교육기본 입주민마음건강지원사업,3,3.0
마음건강지킴이양성교육기본과정(정신건강정책과서비스),마음건강지킴이양성교육기본과정(정신건강정책과서비스),마음건강지킴 이양성교육기본 정신건강정책과서비스,3,3.0
마음건강지킴이양성교육기본과정(정신질환자의인권문제),마음건강지킴이양성교육기본과정(정신질환자의인권문제),마음건강지킴 이양성교육기본 정신질환자의인권문제,3,3.0
마음건강지킴이양성교육기본과정(정신질환의이해),마음건강지킴이양성교육기본과정(정신질환의이해),마음건강지킴 이양성교육기본 정신질환의이해,3,3.0
마음건강지킴이양성교육기본과정(자살예방및생명지킴이),마음건강지킴이양성교육기본과정(자살예방및생명지킴이),마음건강지킴 이양성교육기본 자살예방및생명지킴이,3,3.0
마음건강지킴이양성교육기본과정(정신건강위기개입),마음건강지킴이양성교육기본과정(정신건강위기개입),마음건강지킴 이양성교육기본 정신건강위기개입,3,3.0
마음건강지킴이양성교육기본과정(갈등관리및민원응대),마음건강지킴이양성교육기본과정(갈등관리및민원응대),마음건강지킴 이양성교육기본 갈등관리및민원응대,3,3.0
마음건강지킴이양성교육기본과정(지역사회자원연계),마음건강지킴이양성교육기본과정(지역사회자원연계),마음건강지킴 이양성교육기본 지역사회자원연계,3,3.0
마음건강지킴이양성교육기본과정(개인정보보호법),마음건강지킴이양성교육기본과정(개인정보보호법),마음건강지킴 이양성교육기본 개인정보보호법,3,3.0
마음건강지킴이양성교육기본과정(마음건강지킴이의자기소진예방),마음건강지킴이양성교육기본과정(마음건강지킴이의자기소진예방),마음건강지킴 이양성교육기본 마음건강지킴이의자기소진예방,3,3.0
(정신응급대응)정신응급대응판단기준과관계법령,(정신응급대응)정신응급대응판단기준과관계법령,정신응급대응판단기준 관계법령 정신응급대응,3,3.0
(정신응급대응)정신응급대응체계,(정신응급대응)정신응급대응체계,정신응급대응체계 정신응급대응,2,2.0
(정신응급대응)지역및응급대응기관소개,(정신응급대응)지역및응급대응기관소개,지역및응급대응기관소개 정신응급대응,2,2.0
(정신응급대응)흥분환자면담,(정신응급대응)흥분환자면담,흥분환자면담 정신응급대응,2,2.0
(정신응급대응)정신건강이해,(정신응급대응)정신건강이해,정신건강이해 정신응급대응,2,2.0
(정신응급대응)위험도평가및면담,(정신응급대응)위험도평가및면담,위험도평가및면담 정신응급대응,2,2.0
2024년정신건강증진시설인권교육,2024년정신건강증진시설인권교육,2024년정신건강증진시설인권교육,1,1.0
2025년정신건강증진시설인권교육(이러닝) I,2025년정신건강증진시설인권교육(이러닝) I,2025년정신건강증진시설인권교육 이러닝,2,1.0
2025년정신건강증진시설인권교육(이러닝) II,2025년정신건강증진시설인권교육(이러닝) II,2025년정신건강증진시설인권교육 이러닝 II,3,1.5
2025년정신건강증진시설인권교육(이러닝) III,2025년정신건강증진시설인권교육(이러닝) III,2025년정신건강증진시설인권교육 이러닝 III,3,1.5
2025년정신건강증진시설인권교육(이러닝)V,2025년정신건강증진시설인권교육(이러닝)V,2025년정신건강증진시설인권교육 이러닝,2,2.0
2025년정신건강증진시설인권교육(이러닝)VI,2025년정신건강증진시설인권교육(이러닝)VI,2025년정신건강증진시설인권교육 이러닝 VI,3,3.0
"감염병, 그것이 알고싶다","감염병, 그것이 알고싶다","감염병, 그것이 알고싶다",3,1.0
감염병대응인력양성총론,감염병대응인력양성총론,감염병대응 인력양성총론,2,2.0
바이러스간염의예방및관리,바이러스간염의예방및관리,바이러 스간염 예방및관리,3,3.0
"생물안전1,2등급시설관리자교육","생물안전1,2등급시설관리자교육","생물안전1,2등급시설관리자교육",1,1.0
"생물안전1,2등급시설사용자교육","생물안전1,2등급시설사용자교육","생물안전1,2등급시설사용자교육",1,1.0
생물안전3등급시설사용자교육,생물안전3등급시설사용자교육,생물안전3등급시설사용자교육,1,1.0
생물테러대비·대응,생물테러대비·대응,생물테러대비·대응,1,1.0
슬기로운감염병관리(의료기관및복지시설),슬기로운감염병관리(의료기관및복지시설),슬기로운감염병관리 의료기관및복지시설,2,2.0
의료기관종사자(근무자)를위한감염관리,의료기관종사자(근무자)를위한감염관리,의료기관종사자 위한감염관리 근무자,3,3.0
해외감염병예방,해외감염병예방,해외감염병예방,1,1.0
검역업무의이해,검역업무의이해,검역업무 이해,2,2.0
신종감염병항만검역대응훈련,신종감염병항만검역대응훈련,신종감염병항만검역대응훈련,1,1.0
역학조사알아가기,역학조사알아가기,역학조사알아가기,1,1.0
감염성물질의안전수송관리,감염성물질의안전수송관리,감염성물질 안전수 송관리,3,3.0
국가감염병감시사업안내,국가감염병감시사업안내,국가감염병감시사업안내,1,1.0
시험·검사기관 검사원을 위한 윤리가이드,시험·검사기관 검사원을 위한 윤리가이드,시험·검사기관 검사원을 위한 윤리가이드,4,1.0
식중독 원인 조사 바로알기,식중독 원인 조사 바로알기,식중독 원인 조사 바로알기,4,1.0
마약 중독 회복하기,마약 중독 회복하기,마약 중독 회복하기,3,1.0
우린 약하지 않아 의료용 마약류 중독예방 사례편,우린 약하지 않아 의료용 마약류 중독예방 사례편,우린 약하지 않아 의료용 마약류 중독예방 사례편,7,1.0
우린 약하지 않아─의료용 마약류 중독예방 이론편,우린 약하지 않아─의료용 마약류 중독예방 이론편,우린 약하지 않아─의료용 마약류 중독예방 이론편,6,1.0
알기쉬운바이오헬스ESG기본과정,알기쉬운바이오헬스ESG기본과정,알기쉬운바이오헬스 기본 ESG,3,3.0
알기쉬운바이오헬스ESG실무과정,알기쉬운바이오헬스ESG실무과정,알기쉬운바이오헬스 실무 ESG,3,3.0
GMP규정및품질관리개론,GMP규정및품질관리개론,규정및품질관리개론 GMP,2,2.0
GMP실무및제약공정의이해,GMP실무및제약공정의이해,실무및제약공정 이해 GMP,3,3.0
신약개발전략및후보물질발굴의이해,신약개발전략및후보물질발굴의이해,신약개발전략및후보물질발굴 이해,2,2.0
신약개발전문인력양성과정(1)후보물질발굴과비임상시험,신약개발전문인력양성과정(1)후보물질발굴과비임상시험,신약개발전문인력양성과정후보물질발굴 비임상시험,2,2.0
신약개발전문인력양성과정(2)후보물질발굴과비임상시험,신약개발전문인력양성과정(2)후보물질발굴과비임상시험,신약개발전문인력양성과정후보물질발굴 비임상시험,2,2.0
의약품QbD이해과정,의약품QbD이해과정,의약품 QbD이해,2,2.0
의약품빅데이터분석과정,의약품빅데이터분석과정,의약품빅데이터분석,1,1.0
첨단바이오의약품의이해,첨단바이오의약품의이해,첨단바이오의약품 이해,2,2.0
의약품콜드체인의이해,의약품콜드체인의이해,의약품콜드체인 이해,2,2.0
의약품콜드체인실행방안,의약품콜드체인실행방안,의약품콜드체인실행방안,1,1.0
제약바이오사업개발기본과정,제약바이오사업개발기본과정,제약바이오사업개발기본,1,1.0
제약·바이오산업 전주기 직무이해과정,제약·바이오산업 전주기 직무이해과정,제약·바이오산업 전주기 직무이해,3,1.0
화장품GMP품질관리실무,화장품GMP품질관리실무,화장품 품질관리실무 GMP,3,3.0
화장품연구개발기본과정,화장품연구개발기본과정,화장품연구개발기본,1,1.0
화장품산업 전주기 직무이해과정,화장품산업 전주기 직무이해과정,화장품산업 전주기 직무이해,3,1.0
의료기기GMP기본과정,의료기기GMP기본과정,의료기기 기본 GMP,3,3.0
의료기기사용적합성평가기본과정,의료기기사용적합성평가기본과정,의료기기사용적합성평가기본,1,1.0
의료기기연구개발기획실무과정,의료기기연구개발기획실무과정,의료기기연구개발기획실무,1,1.0
의료기기산업 전주기 직무이해과정,의료기기산업 전주기 직무이해과정,의료기기산업 전주기 직무이해,3,1.0
"No-code, 바이오헬스생성형AI데이터분석기초과정","No-code, 바이오헬스생성형AI데이터분석기초과정","No code, 바이오헬 스생성형 데이터분석기초 AI",6,3.0
한국보건의료체계의 이해,한국보건의료체계의 이해,한국보건 료체계의 이해,3,1.5
Understanding Korea's National Health System,Understanding Korea's National Health System,Understanding Korea's National Health System,5,1.0
국제보건과 ODA! 그것이 알고싶다,국제보건과 ODA! 그것이 알고싶다,국제보건과 그것이 알고싶다 ODA,4,1.0
글로벌헬스케어를 위한 의학용어,글로벌헬스케어를 위한 의학용어,글로벌헬스케어를 위한 의학용어,3,1.0
글로벌헬스케어를 위한 기초의학,글로벌헬스케어를 위한 기초의학,글로벌헬스케어를 위한 기초,3,1.0
글로벌헬스케어를 위한 현장임상,글로벌헬스케어를 위한 현장임상,글로벌헬스케어를 위한 현장임상,3,1.0
어서와! 의료통역은 처음이지,어서와! 의료통역은 처음이지,어서와 의료통역은 처음이지,3,1.0
국제진료임상영어기초회화,국제진료임상영어기초회화,국제진료임상영어기초회화,1,1.0
국제진료센터 현장 영어 실무,국제진료센터 현장 영어 실무,국제진료센터 현장 영어 실무,4,1.0
글로벌 헬스케어 산업 동향의 이해,글로벌 헬스케어 산업 동향의 이해,글로벌 헬스케어 산업 동향의 이해,5,1.0
해외진출 의료인을 위한 필수 법률지식(근로계약),해외진출 의료인을 위한 필수 법률지식(근로계약),해외진출 의료인을 위한 필수 법률지식 근로계약,6,1.2
해외진출 의료인을 위한 필수 법률지식(비자·영주권),해외진출 의료인을 위한 필수 법률지식(비자·영주권),해외진출 의료인을 위한 필수 법률지식 비자·영주권,6,1.2
해외 의료시스템의 이해: 미국,해외 의료시스템의 이해: 미국,해외 의료시스템의 이해: 미국,4,1.0
해외 의료시스템의 이해:독립국가연합(CIS),해외 의료시스템의 이해:독립국가연합(CIS),해외 의료시스템의 이해:독립국가연합 CIS,4,1.3333333333333333
